Experiment,well,scan id,lambda max wavelength,lambda max absorbance,well,concentration,volume,additive
NLM_151,C01,scan_033,729,0.524,C01,0,0,nitrate
NLM_151,D05,scan_071,730,0.553,D05,0,0,nitrate
NLM_152,C01,scan_033,733,0.541,C01,0,0,nitrate
NLM_152,D05,scan_071,733,0.501,D05,0,0,nitrate
NLM_158,C01,scan_033,746.8333333,0.562,C01,0,0,nitrate
NLM_158,D05,scan_071,740.6666667,0.542,D05,0,0,nitrate
CMH_057,C05,scan_038,749,0.668,C05,1,20,nitrate
CMH_057,F09,scan_066,740,0.606,F09,1,20,nitrate
CMH_059,H05,scan_043,763,0.649,H05,1,20,nitrate
CMH_059,G10,scan_087,784,0.693,G10,1,20,nitrate
NLM_107,D06,scan_062,837,0.695,D06,1,30,nitrate
NLM_151,D01,scan_033,737.125,0.493,D01,1,30,nitrate
NLM_151,E05,scan_071,753.4,0.585,E05,1,30,nitrate
NLM_152,D01,scan_033,759,0.548,D01,1,30,nitrate
NLM_152,E05,scan_071,758.5,0.539,E05,1,30,nitrate
NLM_158,D01,scan_033,776,0.581,D01,1,30,nitrate
NLM_158,E05,scan_071,757.5,0.565,E05,1,30,nitrate
NLM_107,E06,scan_062,805.6666667,0.674,E06,1,35,nitrate
NLM_151,E01,scan_033,747.5,0.534,E01,1,35,nitrate
NLM_151,F05,scan_071,749,0.573,F05,1,35,nitrate
NLM_152,E01,scan_033,783.5,0.539,E01,1,35,nitrate
NLM_152,F05,scan_071,758.5,0.522,F05,1,35,nitrate
NLM_158,E01,scan_033,757.75,0.573,E01,1,35,nitrate
NLM_158,F05,scan_071,768.5,0.618,F05,1,35,nitrate
NLM_107,F06,scan_062,789.8,0.675,F06,1,40,nitrate
NLM_151,F01,scan_033,727,0.499,F01,1,40,nitrate
NLM_151,G05,scan_071,770.6666667,0.592,G05,1,40,nitrate
NLM_152,F01,scan_033,748.3333333,0.537,F01,1,40,nitrate
NLM_152,G05,scan_071,756.3333333,0.495,G05,1,40,nitrate
NLM_158,F01,scan_033,773.6666667,0.609,F01,1,40,nitrate
NLM_158,G05,scan_071,780,0.6,G05,1,40,nitrate
NLM_107,G06,scan_062,846.5,0.688,G06,1,45,nitrate
NLM_151,G01,scan_033,754.5,0.55,G01,1,45,nitrate
NLM_151,H05,scan_071,767,0.604,H05,1,45,nitrate
NLM_152,G01,scan_033,770.5,0.566,G01,1,45,nitrate
NLM_152,H05,scan_071,752.3333333,0.538,H05,1,45,nitrate
NLM_158,G01,scan_033,760.25,0.585,G01,1,45,nitrate
NLM_158,H05,scan_071,772.5,0.592,H05,1,45,nitrate
NLM_107,H06,scan_062,782,0.656,H06,1,60,nitrate
NLM_151,H01,scan_033,719.75,0.57,H01,1,60,nitrate
NLM_151,A06,scan_071,761,0.527,A06,1,60,nitrate
NLM_152,H01,scan_033,758,0.565,H01,1,60,nitrate
NLM_152,A06,scan_071,742.5,0.525,A06,1,60,nitrate
NLM_158,H01,scan_033,789,0.62,H01,1,60,nitrate
NLM_158,A06,scan_071,778.5,0.596,A06,1,60,nitrate
NLM_107,A07,scan_062,807,0.703,A07,10,10,nitrate
NLM_151,A02,scan_033,724,0.514,A02,10,10,nitrate
NLM_151,B06,scan_071,754.6666667,0.603,B06,10,10,nitrate
NLM_152,A02,scan_033,744,0.57,A02,10,10,nitrate
NLM_152,B06,scan_071,738,0.54,B06,10,10,nitrate
NLM_158,A02,scan_033,728.5,0.552,A02,10,10,nitrate
NLM_158,B06,scan_071,755.5,0.583,B06,10,10,nitrate
NLM_107,B07,scan_062,800.3333333,0.687,B07,10,15,nitrate
NLM_151,B02,scan_033,741,0.535,B02,10,15,nitrate
NLM_151,C06,scan_071,743,0.577,C06,10,15,nitrate
NLM_152,B02,scan_033,746.7142857,0.551,B02,10,15,nitrate
NLM_152,C06,scan_071,734,0.524,C06,10,15,nitrate
NLM_158,B02,scan_033,746,0.592,B02,10,15,nitrate
NLM_158,C06,scan_071,741,0.593,C06,10,15,nitrate
NLM_107,C07,scan_062,852.6666667,0.698,C07,10,20,nitrate
NLM_151,C02,scan_033,750.6666667,0.548,C02,10,20,nitrate
NLM_151,D06,scan_071,756,0.602,D06,10,20,nitrate
NLM_152,C02,scan_033,731.125,0.53,C02,10,20,nitrate
NLM_152,D06,scan_071,731,0.526,D06,10,20,nitrate
NLM_158,C02,scan_033,775.2,0.611,C02,10,20,nitrate
NLM_158,D06,scan_071,758,0.577,D06,10,20,nitrate
NLM_151,D02,scan_033,746.5,0.547,D02,10,25,nitrate
NLM_151,E06,scan_071,740.3333333,0.595,E06,10,25,nitrate
NLM_152,D02,scan_033,745.6666667,0.544,D02,10,25,nitrate
NLM_152,E06,scan_071,723,0.544,E06,10,25,nitrate
NLM_158,D02,scan_033,747,0.579,D02,10,25,nitrate
NLM_158,E06,scan_071,758,0.594,E06,10,25,nitrate
NLM_107,E07,scan_062,797,0.718,E07,10,30,nitrate
NLM_151,E02,scan_033,739.5,0.477,E02,10,30,nitrate
NLM_151,F06,scan_071,754.9,0.588,F06,10,30,nitrate
NLM_152,E02,scan_033,746,0.554,E02,10,30,nitrate
NLM_152,F06,scan_071,744.3333333,0.519,F06,10,30,nitrate
NLM_158,E02,scan_033,774.8571429,0.599,E02,10,30,nitrate
NLM_158,F06,scan_071,759.6666667,0.583,F06,10,30,nitrate
NLM_107,F07,scan_062,824.2857143,0.702,F07,10,35,nitrate
NLM_151,F02,scan_033,768,0.563,F02,10,35,nitrate
NLM_151,G06,scan_071,807,0.623,G06,10,35,nitrate
NLM_152,F02,scan_033,776,0.563,F02,10,35,nitrate
NLM_152,G06,scan_071,744.2857143,0.553,G06,10,35,nitrate
NLM_158,F02,scan_033,774.5,0.575,F02,10,35,nitrate
NLM_158,G06,scan_071,772,0.579,G06,10,35,nitrate
NLM_107,G07,scan_062,819,0.69,G07,10,40,nitrate
NLM_151,G02,scan_033,756,0.507,G02,10,40,nitrate
NLM_151,H06,scan_071,815,0.64,H06,10,40,nitrate
NLM_152,G02,scan_033,640.2,0.52,G02,10,40,nitrate
NLM_152,H06,scan_071,743.8333333,0.534,H06,10,40,nitrate
NLM_158,G02,scan_033,771.5,0.615,G02,10,40,nitrate
NLM_158,H06,scan_071,777,0.594,H06,10,40,nitrate
NLM_166,D01,scan_024,766,0.557,D01,10,40,nitrate
NLM_166,G02,scan_027,755.5,0.57,G02,10,40,nitrate
NLM_166,D04,scan_053,760,0.552,D04,10,40,nitrate
NLM_166,G05,scan_055,774.6666667,0.608,G05,10,40,nitrate
NLM_107,H07,scan_062,811,0.695,H07,10,45,nitrate
NLM_151,H02,scan_033,760,0.566,H02,10,45,nitrate
NLM_151,A07,scan_071,812,0.665,A07,10,45,nitrate
NLM_152,H02,scan_033,767,0.571,H02,10,45,nitrate
NLM_152,A07,scan_071,777,0.599,A07,10,45,nitrate
NLM_158,H02,scan_033,773,0.541,H02,10,45,nitrate
NLM_158,A07,scan_071,787,0.636,A07,10,45,nitrate
NLM_107,A08,scan_062,844.6666667,0.73,A08,10,50,nitrate
NLM_151,A03,scan_033,760,0.587,A03,10,50,nitrate
NLM_151,B07,scan_071,771.5,0.611,B07,10,50,nitrate
NLM_152,A03,scan_033,733.5,0.567,A03,10,50,nitrate
NLM_152,B07,scan_071,741,0.552,B07,10,50,nitrate
NLM_158,A03,scan_033,788,0.633,A03,10,50,nitrate
NLM_158,B07,scan_071,801,0.623,B07,10,50,nitrate
NLM_107,B08,scan_063,857,0.734,B08,10,55,nitrate
NLM_151,B03,scan_034,622.7142857,0.488,B03,10,55,nitrate
NLM_151,C07,scan_072,775.4,0.606,C07,10,55,nitrate
NLM_152,B03,scan_034,731,0.544,B03,10,55,nitrate
NLM_152,C07,scan_072,739.75,0.519,C07,10,55,nitrate
NLM_158,B03,scan_034,806,0.612,B03,10,55,nitrate
NLM_158,C07,scan_072,792.25,0.629,C07,10,55,nitrate
NLM_166,B01,scan_024,742,0.431,B01,10,55,nitrate
NLM_166,E02,scan_026,759,0.57,E02,10,55,nitrate
NLM_166,B04,scan_053,774.3333333,0.553,B04,10,55,nitrate
NLM_166,E05,scan_055,788,0.619,E05,10,55,nitrate
NLM_168,C01,scan_015,739.6666667,0.475,C01,10,55,nitrate
NLM_168,F01,scan_016,739.5714286,0.402,F01,10,55,nitrate
NLM_168,A02,scan_016,732,0.483,A02,10,55,nitrate
NLM_168,D02,scan_016,735,0.499,D02,10,55,nitrate
NLM_168,G02,scan_032,728.25,0.4,G02,10,55,nitrate
NLM_168,B03,scan_033,601,0.403,B03,10,55,nitrate
NLM_168,E03,scan_034,757.5,0.542,E03,10,55,nitrate
NLM_168,H03,scan_035,731.3333333,0.539,H03,10,55,nitrate
CMH_073,C07,scan_052,758,0.491,C07,10,55,nitrate
CMH_073,D07,scan_052,740.5,0.486,D07,10,55,nitrate
CMH_073,E07,scan_052,741.5,0.493,E07,10,55,nitrate
NLM_107,C08,scan_063,853.5,0.704,C08,10,60,nitrate
NLM_151,C03,scan_034,742,0.57,C03,10,60,nitrate
NLM_151,D07,scan_072,771,0.633,D07,10,60,nitrate
NLM_152,C03,scan_034,751,0.622,C03,10,60,nitrate
NLM_152,D07,scan_072,743.3333333,0.566,D07,10,60,nitrate
NLM_158,C03,scan_034,822,0.655,C03,10,60,nitrate
NLM_158,D07,scan_072,766.75,0.615,D07,10,60,nitrate
NLM_107,D08,scan_063,865.5,0.739,D08,100,7,nitrate
NLM_151,D03,scan_034,758.5,0.524,D03,100,7,nitrate
NLM_151,E07,scan_072,790,0.617,E07,100,7,nitrate
NLM_152,D03,scan_034,775.5,0.61,D03,100,7,nitrate
NLM_152,E07,scan_072,761,0.557,E07,100,7,nitrate
NLM_158,D03,scan_034,774.6,0.577,D03,100,7,nitrate
NLM_158,E07,scan_072,784.8,0.63,E07,100,7,nitrate
NLM_107,E08,scan_064,853,0.699,E08,100,8,nitrate
NLM_151,E03,scan_035,770,0.549,E03,100,8,nitrate
NLM_151,F07,scan_072,787,0.584,F07,100,8,nitrate
NLM_152,E03,scan_035,777,0.536,E03,100,8,nitrate
NLM_152,F07,scan_072,779.6666667,0.559,F07,100,8,nitrate
NLM_158,E03,scan_035,769,0.587,E03,100,8,nitrate
NLM_158,F07,scan_072,781.5,0.589,F07,100,8,nitrate
NLM_107,F08,scan_064,865,0.728,F08,100,9,nitrate
NLM_151,F03,scan_035,744,0.504,F03,100,9,nitrate
NLM_151,G07,scan_073,759,0.588,G07,100,9,nitrate
NLM_152,F03,scan_035,777,0.578,F03,100,9,nitrate
NLM_152,G07,scan_073,754,0.537,G07,100,9,nitrate
NLM_158,F03,scan_035,788,0.586,F03,100,9,nitrate
NLM_158,G07,scan_073,797,0.615,G07,100,9,nitrate
NLM_107,G08,scan_064,840,0.579,G08,100,12,nitrate
NLM_151,G03,scan_035,804,0.593,G03,100,12,nitrate
NLM_151,H07,scan_073,793.75,0.622,H07,100,12,nitrate
NLM_152,G03,scan_035,755.5,0.506,G03,100,12,nitrate
NLM_152,H07,scan_073,756,0.522,H07,100,12,nitrate
NLM_158,G03,scan_035,795,0.598,G03,100,12,nitrate
NLM_158,H07,scan_073,816,0.647,H07,100,12,nitrate
NLM_107,H08,scan_064,853,0.675,H08,100,14,nitrate
NLM_151,H03,scan_036,780,0.567,H03,100,14,nitrate
NLM_151,A08,scan_073,789,0.623,A08,100,14,nitrate
NLM_152,H03,scan_036,766.5,0.511,H03,100,14,nitrate
NLM_152,A08,scan_073,753.5,0.546,A08,100,14,nitrate
NLM_158,H03,scan_036,778,0.557,H03,100,14,nitrate
NLM_158,A08,scan_073,801.5,0.609,A08,100,14,nitrate
NLM_107,A09,scan_065,857.8333333,0.727,A09,100,16,nitrate
NLM_151,A04,scan_036,747,0.49,A04,100,16,nitrate
NLM_151,B08,scan_073,775,0.564,B08,100,16,nitrate
NLM_152,A04,scan_036,757.5,0.487,A04,100,16,nitrate
NLM_152,B08,scan_073,757,0.469,B08,100,16,nitrate
NLM_158,A04,scan_036,784,0.59,A04,100,16,nitrate
NLM_158,B08,scan_073,813,0.638,B08,100,16,nitrate
NLM_107,B09,scan_065,824,0.79,B09,100,18,nitrate
NLM_151,B04,scan_036,749.3333333,0.496,B04,100,18,nitrate
NLM_151,C08,scan_074,805.5,0.638,C08,100,18,nitrate
NLM_152,B04,scan_036,789.1428571,0.562,B04,100,18,nitrate
NLM_152,C08,scan_074,766.5714286,0.516,C08,100,18,nitrate
NLM_158,B04,scan_036,817.5,0.637,B04,100,18,nitrate
NLM_158,C08,scan_074,814,0.615,C08,100,18,nitrate
NLM_107,C09,scan_065,864,0.705,C09,100,25,nitrate
NLM_151,C04,scan_037,790,0.556,C04,100,25,nitrate
NLM_151,D08,scan_074,816.1666667,0.653,D08,100,25,nitrate
NLM_152,C04,scan_037,796,0.579,C04,100,25,nitrate
NLM_152,D08,scan_074,832.5,0.614,D08,100,25,nitrate
NLM_158,C04,scan_037,843.25,0.646,C04,100,25,nitrate
NLM_158,D08,scan_074,833,0.642,D08,100,25,nitrate
NLM_107,D09,scan_065,890,0.736,D09,100,30,nitrate
NLM_151,D04,scan_037,816.6666667,0.626,D04,100,30,nitrate
NLM_151,E08,scan_074,818,0.662,E08,100,30,nitrate
NLM_152,D04,scan_037,815.75,0.635,D04,100,30,nitrate
NLM_152,E08,scan_074,796.5,0.561,E08,100,30,nitrate
NLM_158,D04,scan_037,849.5,0.678,D04,100,30,nitrate
NLM_158,E08,scan_074,807,0.585,E08,100,30,nitrate
NLM_107,E09,scan_066,894,0.749,E09,100,35,nitrate
NLM_151,E04,scan_037,809,0.605,E04,100,35,nitrate
NLM_151,F08,scan_075,822,0.655,F08,100,35,nitrate
NLM_152,E04,scan_037,817.6666667,0.616,E04,100,35,nitrate
NLM_152,F08,scan_075,783,0.522,F08,100,35,nitrate
NLM_158,E04,scan_037,853,1.013,E04,100,35,nitrate
NLM_158,F08,scan_075,845.4,0.661,F08,100,35,nitrate
NLM_107,F09,scan_066,905.6666667,0.752,F09,100,40,nitrate
NLM_151,F04,scan_037,816,0.552,F04,100,40,nitrate
NLM_151,G08,scan_075,802.5,0.596,G08,100,40,nitrate
NLM_152,F04,scan_037,763,0.417,F04,100,40,nitrate
NLM_152,G08,scan_075,758,0.458,G08,100,40,nitrate
NLM_158,F04,scan_037,859,0.726,F04,100,40,nitrate
NLM_158,G08,scan_075,849.5,0.638,G08,100,40,nitrate
NLM_166,B02,scan_025,848.3333333,0.533,B02,100,40,nitrate
NLM_166,E03,scan_028,836,0.529,E03,100,40,nitrate
NLM_166,B05,scan_054,860,0.6,B05,100,40,nitrate
NLM_166,E06,scan_057,811,0.542,E06,100,40,nitrate
NLM_107,G09,scan_066,894,0.724,G09,100,45,nitrate
NLM_151,G04,scan_037,840.6,0.637,G04,100,45,nitrate
NLM_151,H08,scan_075,849,0.697,H08,100,45,nitrate
NLM_152,G04,scan_037,814,0.606,G04,100,45,nitrate
NLM_152,H08,scan_075,771.3333333,0.492,H08,100,45,nitrate
NLM_158,G04,scan_037,869,0.676,G04,100,45,nitrate
NLM_158,H08,scan_075,861,0.65,H08,100,45,nitrate
NLM_107,H09,scan_066,902,0.73,H09,100,50,nitrate
NLM_151,H04,scan_037,835,0.576,H04,100,50,nitrate
NLM_151,A09,scan_075,798,0.689,A09,100,50,nitrate
NLM_152,H04,scan_037,779,0.444,H04,100,50,nitrate
NLM_152,A09,scan_075,727,0.437,A09,100,50,nitrate
NLM_158,H04,scan_037,862,0.649,H04,100,50,nitrate
NLM_158,A09,scan_075,846,0.625,A09,100,50,nitrate
NLM_166,E01,scan_024,852,0.439,E01,100,50,nitrate
NLM_166,H02,scan_027,874,0.611,H02,100,50,nitrate
NLM_166,E04,scan_053,845,0.481,E04,100,50,nitrate
NLM_166,H05,scan_056,893,0.64,H05,100,50,nitrate
NLM_168,D01,scan_015,854.1818182,0.379,D01,100,50,nitrate
NLM_168,B02,scan_016,848.6666667,0.412,B02,100,50,nitrate
NLM_168,E02,scan_029,870,0.359,E02,100,50,nitrate
NLM_168,C03,scan_033,802.8333333,0.295,C03,100,50,nitrate
NLM_168,F03,scan_034,803,0.372,F03,100,50,nitrate
NLM_168,A04,scan_035,802,0.379,A04,100,50,nitrate
NLM_107,A10,scan_066,863,0.65,A10,100,55,nitrate
NLM_151,A05,scan_037,803.5,0.531,A05,100,55,nitrate
NLM_151,B09,scan_075,862,0.636,B09,100,55,nitrate
NLM_152,A05,scan_037,727.3333333,0.379,A05,100,55,nitrate
NLM_158,A05,scan_037,787,0.606,A05,100,55,nitrate
NLM_158,B09,scan_075,853,0.632,B09,100,55,nitrate
NLM_166,A02,scan_025,814.4444444,0.402,A02,100,55,nitrate
NLM_166,D03,scan_028,866.8,0.52,D03,100,55,nitrate
NLM_166,A05,scan_054,865.5,0.636,A05,100,55,nitrate
NLM_166,D06,scan_057,859,0.631,D06,100,55,nitrate
NLM_107,B10,scan_066,846.25,0.616,B10,100,60,nitrate
NLM_151,B05,scan_037,790,0.393,B05,100,60,nitrate
NLM_151,C09,scan_075,849,0.664,C09,100,60,nitrate
NLM_152,B05,scan_037,752,0.355,B05,100,60,nitrate
NLM_152,C09,scan_075,841.6666667,0.569,C09,100,60,nitrate
NLM_158,B05,scan_037,847.3636364,0.505,B05,100,60,nitrate
NLM_158,C09,scan_075,848.3333333,0.577,C09,100,60,nitrate
CNH_047,D08,scan_036,596.25,0.475,D08,0.01,13,KBr
CNH_048,D03,scan_036,603.5,0.463,D03,0.01,13,KBr
CNH_049,D09,scan_036,585,0.481,D09,0.01,13,KBr
CNH_064,B01,scan_031,588,0.471,B01,0.01,13,KBr
CNH_065,B07,scan_036,408.25,0.016,B07,0.01,13,KBr
CNH_065,D09,scan_037,580,0.424,D09,0.01,13,KBr
CNH_067,B07,scan_036,612.5,0.474,B07,0.01,13,KBr
CNH_067,D09,scan_037,608.125,0.447,D09,0.01,13,KBr
CMH_016,B01,scan_028,591.3333333,0.476,B01,0.01,13,KBr
CMH_016,F04,scan_062,564,0.492,F04,0.01,13,KBr
CMH_016,B08,scan_066,582,0.464,B08,0.01,13,KBr
CMH_018,B01,scan_028,564,0.462,B01,0.01,13,KBr
CMH_018,F04,scan_062,596.3333333,0.497,F04,0.01,13,KBr
CMH_018,B08,scan_066,594.75,0.521,B08,0.01,13,KBr
CMH_024,B01,scan_032,586,0.482,B01,0.01,13,KBr
CMH_024,B05,scan_070,579.5,0.452,B05,0.01,13,KBr
CMH_024,B09,scan_074,555.5,0.452,B09,0.01,13,KBr
CMH_028,B01,scan_032,621,0.477,B01,0.01,13,KBr
CMH_028,B05,scan_070,623.5,0.487,B05,0.01,13,KBr
CMH_028,B09,scan_074,605.3333333,0.522,B09,0.01,13,KBr
CMH_030,B01,scan_032,582,0.457,B01,0.01,13,KBr
CMH_030,B05,scan_070,593,0.412,B05,0.01,13,KBr
CMH_030,B09,scan_074,590.8,0.5,B09,0.01,13,KBr
CMH_031,B01,scan_032,585.9,0.473,B01,0.01,13,KBr
CMH_031,B05,scan_070,595,0.444,B05,0.01,13,KBr
CMH_031,B09,scan_074,614,0.505,B09,0.01,13,KBr
CMH_032,B01,scan_032,579,0.45,B01,0.01,13,KBr
CMH_032,B05,scan_070,563.8,0.479,B05,0.01,13,KBr
CMH_032,B09,scan_074,569.3333333,0.467,B09,0.01,13,KBr
CMH_037,B01,scan_024,582,0.471,B01,0.01,13,KBr
CMH_037,A07,scan_057,587,0.459,A07,0.01,13,KBr
CMH_037,H12,scan_090,562,0.497,H12,0.01,13,KBr
CMH_038,B01,scan_024,587,0.462,B01,0.01,13,KBr
CMH_038,A07,scan_081,583,0.503,A07,0.01,13,KBr
CMH_038,H12,scan_103,562,0.457,H12,0.01,13,KBr
NLM_107,C06,scan_062,635,0.49,C06,0.01,13,KBr
NLM_107,C10,scan_088,621.6666667,0.518,C10,0.01,13,KBr
CMH_046,B01,scan_024,591.5,0.541,B01,0.01,13,KBr
CMH_046,A07,scan_081,615.5,0.479,A07,0.01,13,KBr
CMH_046,H12,scan_114,622.1666667,0.508,H12,0.01,13,KBr
NLM_151,B01,scan_033,575,0.474,B01,0.01,13,KBr
NLM_151,C05,scan_071,577,0.429,C05,0.01,13,KBr
NLM_152,B01,scan_033,615,0.43,B01,0.01,13,KBr
NLM_152,C05,scan_071,634.5,0.433,C05,0.01,13,KBr
NLM_158,B01,scan_033,604.4,0.484,B01,0.01,13,KBr
NLM_158,C05,scan_071,601,0.478,C05,0.01,13,KBr
CNH_067,C07,scan_036,709.5,0.507,C07,0.001,20,C8
CNH_067,E09,scan_037,712,0.55,E09,0.001,20,C8
CNH_067,D07,scan_036,718.5,0.551,D07,0.001,50,C8
CNH_067,F09,scan_037,713.6666667,0.513,F09,0.001,50,C8
CNH_067,E07,scan_036,764.1666667,0.556,E07,0.01,10,C8
CNH_067,G09,scan_037,764,0.573,G09,0.01,10,C8
CNH_067,F07,scan_036,705.6666667,0.5,F07,0.01,20,C8
CNH_067,H09,scan_038,711.5,0.519,H09,0.01,20,C8
CNH_068,C02,scan_044,687.6666667,0.486,C02,0.01,40,C8
CNH_068,D02,scan_044,758,0.574,D02,0.01,45,C8
CNH_067,G07,scan_036,740.6666667,0.54,G07,0.01,50,C8
CNH_067,A10,scan_038,741.8333333,0.562,A10,0.01,50,C8
CNH_067,H07,scan_036,686,0.499,H07,0.1,10,C8
CNH_067,B10,scan_038,691,0.495,B10,0.1,10,C8
CNH_067,A08,scan_036,695.5,0.521,A08,0.1,20,C8
CNH_067,C10,scan_039,728,0.555,C10,0.1,20,C8
CNH_068,E02,scan_044,737.6666667,0.557,E02,0.1,25,C8
CNH_068,G02,scan_044,740.5,0.591,G02,0.1,35,C8
CNH_068,H02,scan_044,707.75,0.551,H02,0.1,40,C8
CNH_067,B08,scan_036,756.5,0.527,B08,0.1,50,C8
CNH_067,D10,scan_039,750,0.564,D10,0.1,50,C8
CNH_068,A03,scan_044,694.5,0.553,A03,0.1,50,C8
CNH_067,C08,scan_036,711,0.527,C08,1,10,C8
CNH_067,E10,scan_039,728.3333333,0.529,E10,1,10,C8
CNH_067,D08,scan_036,737.6666667,0.541,D08,1,20,C8
CNH_067,F10,scan_040,749,0.57,F10,1,20,C8
CMH_073,B01,scan_025,771,0.599,B01,1,20,C8
CMH_073,B08,scan_053,744.6,0.545,B08,1,20,C8
CNH_068,B03,scan_044,717.4285714,0.517,B03,1,25,C8
NLMCMH_164,F04,scan_040,789,0.631,F04,1,25,C8
NLMCMH_164,C09,scan_082,798,0.645,C09,1,25,C8
CMH_063,F03,scan_032,761,0.622,F03,1,25,C8
CMH_063,B07,scan_064,768,0.626,B07,1,25,C8
CNH_068,C03,scan_044,691,0.521,C03,1,30,C8
CMH_028,C01,scan_032,743.5,0.551,C01,1,30,C8
CMH_028,C05,scan_070,755,0.734,C05,1,30,C8
CMH_063,G03,scan_032,740,0.638,G03,1,30,C8
CMH_063,C07,scan_064,765,0.619,C07,1,30,C8
CMH_073,C01,scan_025,779,0.655,C01,1,30,C8
CNH_068,D03,scan_044,740.5,0.581,D03,1,35,C8
CMH_028,D01,scan_032,711,0.549,D01,1,35,C8
NLMCMH_164,G04,scan_040,763,0.631,G04,1,35,C8
NLMCMH_164,D09,scan_082,763,0.61,D09,1,35,C8
CNH_068,E03,scan_044,728.6666667,0.563,E03,1,40,C8
CMH_028,E01,scan_032,738.3333333,0.536,E01,1,40,C8
CMH_028,E05,scan_070,712,0.568,E05,1,40,C8
CNH_068,F03,scan_044,712.5,0.555,F03,1,45,C8
CMH_028,F01,scan_032,741,0.548,F01,1,45,C8
CMH_028,F05,scan_070,727.75,0.539,F05,1,45,C8
CNH_067,E08,scan_036,696.2222222,0.517,E08,1,50,C8
CNH_067,G10,scan_040,726.8333333,0.546,G10,1,50,C8
NLMCMH_164,H04,scan_041,764,0.659,H04,1,50,C8
NLMCMH_164,E09,scan_082,768.1428571,0.631,E09,1,50,C8
CMH_028,G01,scan_032,739,0.55,G01,1,60,C8
CMH_028,G05,scan_070,752.7142857,0.577,G05,1,60,C8
NLMCMH_164,A05,scan_041,781,0.634,A05,1,60,C8
NLMCMH_164,F09,scan_082,785.75,0.651,F09,1,60,C8
CMH_073,D01,scan_025,787.3333333,0.636,D01,1,60,C8
CNH_067,F08,scan_036,728,0.526,F08,10,10,C8
CNH_067,H10,scan_040,677.5,0.557,H10,10,10,C8
CMH_028,H01,scan_032,688,0.517,H01,10,10,C8
CMH_028,H05,scan_070,709,0.518,H05,10,10,C8
CMH_073,E01,scan_025,709.5,0.528,E01,10,10,C8
CMH_028,A02,scan_032,752,0.573,A02,10,15,C8
CMH_028,A06,scan_070,752,0.572,A06,10,15,C8
NLMCMH_164,B05,scan_041,727,0.553,B05,10,15,C8
NLMCMH_164,G09,scan_083,749.25,0.601,G09,10,15,C8
CMH_073,F01,scan_025,712,0.553,F01,10,15,C8
CNH_067,G08,scan_036,685.6666667,0.493,G08,10,20,C8
CNH_067,A11,scan_040,691.3333333,0.528,A11,10,20,C8
CMH_028,B02,scan_032,715,0.531,B02,10,20,C8
CMH_073,G01,scan_025,707,0.544,G01,10,20,C8
CNH_068,G03,scan_044,619.5,0.486,G03,10,25,C8
CMH_028,C02,scan_032,711,0.513,C02,10,25,C8
CMH_028,C06,scan_070,685.75,0.53,C06,10,25,C8
CNH_068,H03,scan_044,579,0.436,H03,10,30,C8
CMH_028,D02,scan_032,648.6,0.503,D02,10,30,C8
CMH_028,D06,scan_070,655,0.5,D06,10,30,C8
CMH_063,H03,scan_032,629.5,0.516,H03,10,30,C8
CMH_063,D07,scan_065,614,0.512,D07,10,30,C8
CMH_073,H01,scan_025,609.3333333,0.475,H01,10,30,C8
CNH_068,A04,scan_044,588.8571429,0.487,A04,10,35,C8
CMH_028,E02,scan_032,620,0.488,E02,10,35,C8
CMH_028,E06,scan_070,608.5,0.473,E06,10,35,C8
CNH_068,B04,scan_044,568,0.448,B04,10,40,C8
CMH_028,F06,scan_070,583,0.441,F06,10,40,C8
NLMCMH_164,C05,scan_041,588,0.493,C05,10,40,C8
NLMCMH_164,H09,scan_083,619,0.493,H09,10,40,C8
CMH_073,A02,scan_025,568,0.482,A02,10,40,C8
CNH_068,C04,scan_044,538,0.404,C04,10,45,C8
CMH_028,G02,scan_032,563.5,0.461,G02,10,45,C8
CMH_028,G06,scan_070,557.5,0.473,G06,10,45,C8
CNH_067,H08,scan_036,551,0.427,H08,10,50,C8
CNH_067,B11,scan_040,553.6,0.472,B11,10,50,C8
CNH_068,D04,scan_045,537.5,0.42,D04,10,50,C8
CMH_028,H02,scan_032,551,0.472,H02,10,50,C8
CMH_028,H06,scan_070,560.8333333,0.469,H06,10,50,C8
CMH_073,B02,scan_026,545,0.425,B02,10,50,C8
CMH_028,A03,scan_033,538,0.45,A03,10,55,C8
CMH_028,A07,scan_070,544.5,0.463,A07,10,55,C8
NLMCMH_164,D05,scan_041,540.125,0.454,D05,10,55,C8
NLMCMH_164,A10,scan_083,534.8,0.467,A10,10,55,C8
CNH_068,F04,scan_045,509.6666667,0.422,F04,10,60,C8
CMH_028,B03,scan_033,522,0.422,B03,10,60,C8
CMH_028,B07,scan_071,524.5,0.453,B07,10,60,C8
CMH_063,A04,scan_032,522,0.436,A04,10,60,C8
CMH_063,E07,scan_065,515,0.417,E07,10,60,C8
CMH_073,C02,scan_026,513.5,0.413,C02,10,60,C8
CNH_068,G04,scan_045,500,0.417,G04,100,7,C8
CMH_028,C03,scan_033,504,0.422,C03,100,7,C8
CMH_028,C07,scan_071,509.5,0.452,C07,100,7,C8
CMH_073,D02,scan_026,490,0.419,D02,100,7,C8
CNH_068,H04,scan_046,466.5,0.432,H04,100,8,C8
CMH_028,D03,scan_034,480.5,0.436,D03,100,8,C8
CMH_028,D07,scan_071,494,0.442,D07,100,8,C8
CMH_073,E02,scan_027,481,0.423,E02,100,8,C8
CNH_068,A05,scan_046,463.5,0.436,A05,100,9,C8
CMH_028,E03,scan_034,477,0.44,E03,100,9,C8
CMH_028,E07,scan_071,476.5,0.476,E07,100,9,C8
CMH_063,B04,scan_032,491.6666667,0.427,B04,100,9,C8
CMH_063,F07,scan_065,473,0.431,F07,100,9,C8
CMH_073,F02,scan_027,477.25,0.417,F02,100,9,C8
CNH_067,A09,scan_036,463,0.439,A09,100,10,C8
CNH_067,C11,scan_040,443.3333333,0.438,C11,100,10,C8
NLMCMH_164,E05,scan_041,479.5,0.426,E05,100,10,C8
NLMCMH_164,B10,scan_083,480.5,0.412,B10,100,10,C8
CNH_068,B05,scan_046,449.5,0.45,B05,100,12,C8
CMH_028,F03,scan_034,466.3333333,0.39,F03,100,12,C8
CMH_028,F07,scan_072,459,0.449,F07,100,12,C8
CMH_073,G02,scan_027,458,0.404,G02,100,12,C8
CNH_068,C05,scan_047,457.5,0.42,C05,100,14,C8
CMH_028,G03,scan_035,456,0.428,G03,100,14,C8
CMH_028,G07,scan_072,464.5,0.448,G07,100,14,C8
CMH_073,H02,scan_028,460.2,0.413,H02,100,14,C8
CMH_073,C08,scan_054,436,0.449,C08,100,14,C8
CMH_073,D08,scan_054,443.3333333,0.453,D08,100,14,C8
CNH_068,D05,scan_047,458,0.416,D05,100,16,C8
CMH_028,H03,scan_035,471.3333333,0.407,H03,100,16,C8
CMH_028,H07,scan_072,476,0.431,H07,100,16,C8
CMH_073,A03,scan_028,467.6666667,0.392,A03,100,16,C8
CNH_068,E05,scan_047,456,0.371,E05,100,18,C8
CMH_028,A04,scan_035,475,0.375,A04,100,18,C8
CMH_028,A08,scan_072,491.8,0.402,A08,100,18,C8
CMH_073,B03,scan_028,475.5,0.373,B03,100,18,C8
CNH_067,B09,scan_036,444,0.405,B09,100,20,C8
CNH_067,D11,scan_040,475.25,0.397,D11,100,20,C8
NLMCMH_164,F05,scan_041,513,0.398,F05,100,20,C8
NLMCMH_164,C10,scan_083,494,0.432,C10,100,20,C8
CNH_068,F05,scan_047,502.5,0.36,F05,100,25,C8
CMH_028,B04,scan_036,500.5,0.347,B04,100,25,C8
CMH_028,B08,scan_073,520.3333333,0.362,B08,100,25,C8
CMH_063,C04,scan_032,538.3333333,0.351,C04,100,25,C8
CMH_063,G07,scan_065,551,0.313,G07,100,25,C8
CMH_073,C03,scan_029,510,0.34,C03,100,25,C8
CNH_068,G05,scan_048,515,0.348,G05,100,30,C8
CMH_028,C04,scan_036,518.2857143,0.329,C04,100,30,C8
CMH_028,C08,scan_073,552.5,0.331,C08,100,30,C8
CMH_063,D04,scan_032,594,0.305,D04,100,30,C8
CMH_063,H07,scan_065,571,0.276,H07,100,30,C8
CMH_073,D03,scan_029,528.6666667,0.319,D03,100,30,C8
CNH_068,H05,scan_048,518.25,0.313,H05,100,35,C8
CMH_028,D04,scan_036,534,0.306,D04,100,35,C8
CMH_028,D08,scan_073,551,0.328,D08,100,35,C8
CMH_073,E03,scan_029,559.5,0.324,E03,100,35,C8
CNH_068,A06,scan_048,534.5714286,0.311,A06,100,40,C8
CMH_028,E04,scan_036,555.25,0.313,E04,100,40,C8
CMH_028,E08,scan_074,564.5,0.312,E08,100,40,C8
CMH_073,F03,scan_029,588,0.322,F03,100,40,C8
CNH_068,B06,scan_048,545.2,0.305,B06,100,45,C8
CMH_028,F04,scan_036,560.25,0.304,F04,100,45,C8
CMH_028,F08,scan_074,586.75,0.277,F08,100,45,C8
CMH_073,G03,scan_029,594,0.305,G03,100,45,C8
CNH_067,C09,scan_036,562.5,0.274,C09,100,50,C8
CNH_067,E11,scan_040,567.5,0.294,E11,100,50,C8
CNH_068,C06,scan_048,558,0.295,C06,100,50,C8
CMH_028,G04,scan_036,565.5,0.317,G04,100,50,C8
CMH_028,G08,scan_074,564,0.288,G08,100,50,C8
CMH_073,H03,scan_029,617,0.281,H03,100,50,C8
CNH_068,D06,scan_048,575.4285714,0.261,D06,100,55,C8
CMH_028,H04,scan_036,564,0.297,H04,100,55,C8
CMH_028,H08,scan_074,576.9411765,0.251,H08,100,55,C8
CMH_073,A04,scan_029,617.4,0.282,A04,100,55,C8
CMH_073,E08,scan_054,589.75,0.257,E08,100,55,C8
CMH_073,F08,scan_054,596.25,0.274,F08,100,55,C8
CNH_068,E06,scan_048,561,0.256,E06,100,60,C8
CMH_028,A05,scan_036,566.5,0.267,A05,100,60,C8
CMH_028,A09,scan_074,585.125,0.177,A09,100,60,C8
CMH_063,E04,scan_032,625,0.159,E04,100,60,C8
CMH_063,A08,scan_065,615,0.206,A08,100,60,C8
CMH_073,B04,scan_029,618.5,0.289,B04,100,60,C8
NLMCMH_164,E03,scan_037,742,0.598,E03,1,20,C7
NLMCMH_164,F03,scan_038,728.5,0.568,F03,1,20,C7
NLMCMH_164,B08,scan_079,733.5,0.58,B08,1,20,C7
NLMCMH_164,C08,scan_080,729.25,0.591,C08,1,20,C7
CMH_032,C01,scan_032,751,0.583,C01,1,30,C7
CMH_032,C05,scan_070,741.5,0.585,C05,1,30,C7
CMH_038,B07,scan_081,759,0.629,B07,1,30,C7
CMH_038,A10,scan_099,741,0.588,A10,1,30,C7
CMH_068,B01,scan_023,746,0.586,B01,1,30,C7
CMH_032,D01,scan_032,760,0.606,D01,1,35,C7
CMH_032,D05,scan_070,737.75,0.561,D05,1,35,C7
NLMCMH_164,G03,scan_038,778.6666667,0.628,G03,1,35,C7
NLMCMH_164,D08,scan_080,751,0.592,D08,1,35,C7
CMH_032,E01,scan_032,789,0.635,E01,1,40,C7
CMH_032,E05,scan_070,760,0.585,E05,1,40,C7
NLMCMH_164,H03,scan_038,776,0.612,H03,1,40,C7
NLMCMH_164,E08,scan_080,752,0.62,E08,1,40,C7
CMH_032,F01,scan_032,731,0.575,F01,1,45,C7
CMH_032,F05,scan_070,733.7777778,0.582,F05,1,45,C7
NLMCMH_164,A04,scan_039,730,0.589,A04,1,45,C7
NLMCMH_164,F08,scan_080,753,0.612,F08,1,45,C7
CMH_032,G01,scan_032,742,0.583,G01,1,60,C7
CMH_032,G05,scan_070,741.6666667,0.554,G05,1,60,C7
CMH_038,C07,scan_081,740.5,0.551,C07,1,60,C7
CMH_038,B10,scan_099,779,0.627,B10,1,60,C7
CMH_068,C01,scan_023,762.3333333,0.62,C01,1,60,C7
CMH_032,H01,scan_032,760,0.601,H01,10,10,C7
CMH_032,H05,scan_070,704,0.545,H05,10,10,C7
CMH_038,D07,scan_081,752,0.612,D07,10,10,C7
CMH_038,C10,scan_099,750,0.586,C10,10,10,C7
CMH_068,D01,scan_023,738.3333333,0.569,D01,10,10,C7
CMH_032,A02,scan_032,669,0.493,A02,10,15,C7
CMH_032,A06,scan_070,653,0.547,A06,10,15,C7
CMH_038,D10,scan_099,694,0.552,D10,10,15,C7
CMH_068,E01,scan_023,724.25,0.543,E01,10,15,C7
CMH_032,B02,scan_032,623.5,0.444,B02,10,20,C7
CMH_032,B06,scan_070,626.5555556,0.5,B06,10,20,C7
CMH_038,F07,scan_081,632,0.508,F07,10,20,C7
CMH_038,E10,scan_099,675,0.531,E10,10,20,C7
CMH_068,F01,scan_023,661.5,0.512,F01,10,20,C7
CMH_032,C02,scan_032,571.6666667,0.4,C02,10,25,C7
CMH_032,C06,scan_070,570,0.42,C06,10,25,C7
NLMCMH_164,B04,scan_039,621,0.497,B04,10,25,C7
NLMCMH_164,G08,scan_081,644,0.515,G08,10,25,C7
CMH_032,D02,scan_032,550.5,0.365,D02,10,30,C7
CMH_032,D06,scan_070,549,0.43,D06,10,30,C7
CMH_038,G07,scan_081,523,0.448,G07,10,30,C7
CMH_038,F10,scan_099,561,0.447,F10,10,30,C7
CMH_068,G01,scan_023,565,0.445,G01,10,30,C7
CMH_032,E02,scan_032,547,0.403,E02,10,35,C7
CMH_032,E06,scan_070,523.75,0.428,E06,10,35,C7
NLMCMH_164,C04,scan_039,539,0.431,C04,10,35,C7
NLMCMH_164,H08,scan_081,575.5,0.478,H08,10,35,C7
CMH_032,F02,scan_032,519,0.396,F02,10,40,C7
CMH_032,F06,scan_070,516,0.406,F06,10,40,C7
CMH_038,H07,scan_082,508,0.436,H07,10,40,C7
CMH_038,G10,scan_099,549,0.45,G10,10,40,C7
CMH_068,H01,scan_024,524,0.439,H01,10,40,C7
CMH_032,G02,scan_032,512.4,0.391,G02,10,45,C7
CMH_032,G06,scan_070,502,0.457,G06,10,45,C7
NLMCMH_164,D04,scan_040,503.4285714,0.428,D04,10,45,C7
NLMCMH_164,A09,scan_081,524.5,0.429,A09,10,45,C7
CMH_032,H02,scan_032,500,0.426,H02,10,50,C7
CMH_032,H06,scan_070,495,0.432,H06,10,50,C7
CMH_038,A08,scan_082,507.2,0.437,A08,10,50,C7
CMH_038,H10,scan_099,514,0.445,H10,10,50,C7
CMH_068,A02,scan_024,504,0.431,A02,10,50,C7
CMH_032,A03,scan_033,498,0.393,A03,10,55,C7
CMH_032,A07,scan_070,490,0.397,A07,10,55,C7
NLMCMH_164,B09,scan_081,499.4,0.412,B09,10,55,C7
CMH_063,D03,scan_031,501,0.434,D03,10,55,C7
CMH_063,H06,scan_064,495.3333333,0.402,H06,10,55,C7
CMH_032,B03,scan_033,494,0.389,B03,10,60,C7
CMH_032,B07,scan_071,499,0.372,B07,10,60,C7
CMH_038,B08,scan_082,504,0.39,B08,10,60,C7
CMH_038,A11,scan_100,504,0.393,A11,10,60,C7
CMH_068,B02,scan_024,503.5,0.411,B02,10,60,C7
CMH_032,C03,scan_033,491,0.37,C03,100,7,C7
CMH_032,C07,scan_071,472.5,0.402,C07,100,7,C7
CMH_038,C08,scan_082,481,0.421,C08,100,7,C7
CMH_038,B11,scan_100,495,0.447,B11,100,7,C7
CMH_068,C02,scan_025,474,0.398,C02,100,7,C7
CMH_032,D03,scan_034,481,0.38,D03,100,8,C7
CMH_032,D07,scan_071,457.5,0.41,D07,100,8,C7
CMH_038,D08,scan_083,476,0.417,D08,100,8,C7
CMH_038,C11,scan_100,480,0.433,C11,100,8,C7
CMH_068,D02,scan_025,462,0.408,D02,100,8,C7
CMH_032,E03,scan_034,494,0.351,E03,100,9,C7
CMH_032,E07,scan_071,475,0.41,E07,100,9,C7
CMH_038,E08,scan_083,468,0.434,E08,100,9,C7
CMH_038,D11,scan_100,479,0.41,D11,100,9,C7
CMH_068,E02,scan_025,475,0.392,E02,100,9,C7
CMH_032,F03,scan_034,475,0.381,F03,100,12,C7
CMH_032,F07,scan_072,481,0.409,F07,100,12,C7
CMH_038,F08,scan_083,474,0.401,F08,100,12,C7
CMH_038,E11,scan_101,495.5,0.393,E11,100,12,C7
CMH_068,F02,scan_026,495.5,0.355,F02,100,12,C7
CMH_032,G03,scan_035,501.5,0.324,G03,100,14,C7
CMH_032,G07,scan_072,495.5,0.355,G07,100,14,C7
CMH_063,E03,scan_031,502,0.353,E03,100,14,C7
CMH_063,A07,scan_064,473.5,0.415,A07,100,14,C7
CMH_032,H03,scan_035,491.4285714,0.358,H03,100,16,C7
CMH_032,H07,scan_072,501.5,0.295,H07,100,16,C7
CMH_038,G08,scan_083,504.5,0.356,G08,100,16,C7
CMH_038,F11,scan_101,513,0.371,F11,100,16,C7
CMH_068,G02,scan_026,507.2857143,0.354,G02,100,16,C7
CMH_032,A04,scan_035,511,0.323,A04,100,18,C7
CMH_032,A08,scan_072,517,0.336,A08,100,18,C7
CMH_038,H08,scan_084,521.6666667,0.331,H08,100,18,C7
CMH_038,G11,scan_101,523,0.361,G11,100,18,C7
CMH_068,H02,scan_026,518.5555556,0.339,H02,100,18,C7
CMH_032,B04,scan_036,539.5,0.287,B04,100,25,C7
CMH_032,B08,scan_073,559.3333333,0.276,B08,100,25,C7
CMH_038,A09,scan_084,543.6666667,0.276,A09,100,25,C7
CMH_038,H11,scan_101,550,0.322,H11,100,25,C7
CMH_068,A03,scan_027,555,0.324,A03,100,25,C7
CMH_032,C04,scan_036,557.6666667,0.242,C04,100,30,C7
CMH_032,C08,scan_073,560.5,0.149,C08,100,30,C7
CMH_038,B09,scan_084,568.9375,0.275,B09,100,30,C7
CMH_038,A12,scan_102,590,0.266,A12,100,30,C7
CMH_068,B03,scan_027,586,0.291,B03,100,30,C7
CMH_032,D04,scan_036,564,0.253,D04,100,35,C7
CMH_032,D08,scan_073,573.1052632,0.235,D08,100,35,C7
CMH_038,C09,scan_084,568.4,0.269,C09,100,35,C7
CMH_038,B12,scan_102,600.5,0.264,B12,100,35,C7
CMH_068,C03,scan_027,594.4,0.291,C03,100,35,C7
CMH_032,E04,scan_036,586.2857143,0.266,E04,100,40,C7
CMH_032,E08,scan_074,400,0.242,E08,100,40,C7
CMH_038,D09,scan_085,583.6666667,0.223,D09,100,40,C7
CMH_038,C12,scan_102,619.6666667,0.27,C12,100,40,C7
CMH_068,D03,scan_027,614.75,0.297,D03,100,40,C7
CMH_032,F04,scan_036,603.1818182,0.222,F04,100,45,C7
CMH_032,F08,scan_074,629.6666667,0.236,F08,100,45,C7
CMH_038,E09,scan_085,602.625,0.241,E09,100,45,C7
CMH_038,D12,scan_102,616,0.201,D12,100,45,C7
CMH_068,E03,scan_027,640.1818182,0.32,E03,100,45,C7
CMH_032,G04,scan_036,594,0.264,G04,100,50,C7
CMH_032,G08,scan_074,620,0.21,G08,100,50,C7
CMH_038,F09,scan_085,621.75,0.19,F09,100,50,C7
CMH_038,E12,scan_102,619,0.227,E12,100,50,C7
CMH_068,F03,scan_027,645.75,0.261,F03,100,50,C7
CMH_032,H04,scan_036,602,0.203,H04,100,55,C7
CMH_032,H08,scan_074,614,0.204,H08,100,55,C7
CMH_038,G09,scan_085,619,0.181,G09,100,55,C7
CMH_038,F12,scan_103,619.2,0.181,F12,100,55,C7
CMH_068,G03,scan_027,641.6666667,0.196,G03,100,55,C7
CMH_032,A05,scan_036,588.7142857,0.159,A05,100,60,C7
CMH_032,A09,scan_074,616.6666667,0.165,A09,100,60,C7
CMH_038,H09,scan_085,623.8,0.132,H09,100,60,C7
CMH_038,G12,scan_103,619,0.138,G12,100,60,C7
CMH_068,H03,scan_027,630.5555556,0.137,H03,100,60,C7
CNH_048,C01,scan_036,712.5,0.548,C01,0.001,20,C6
CNH_048,E03,scan_037,722.2,0.583,E03,0.001,20,C6
CNH_064,C01,scan_031,740.25,0.525,C01,0.001,25,C6
CNH_064,D01,scan_031,742.6666667,0.543,D01,0.001,30,C6
CNH_064,E01,scan_031,764,0.568,E01,0.001,35,C6
CNH_064,F01,scan_031,768.5,0.558,F01,0.001,40,C6
CNH_064,G01,scan_031,717.6,0.544,G01,0.001,45,C6
CNH_048,D01,scan_036,709.5,0.544,D01,0.001,50,C6
CNH_048,F03,scan_037,743,0.558,F03,0.001,50,C6
CNH_048,E01,scan_036,744,0.549,E01,0.01,10,C6
CNH_048,G03,scan_037,762,0.582,G03,0.01,10,C6
CNH_048,F01,scan_036,718.8888889,0.533,F01,0.01,20,C6
CNH_048,H03,scan_038,750,0.58,H03,0.01,20,C6
CNH_064,H01,scan_031,823,0.548,H01,0.01,25,C6
CNH_064,A02,scan_031,833.3333333,0.502,A02,0.01,30,C6
CNH_064,B02,scan_031,817.5714286,0.44,B02,0.01,35,C6
CNH_064,C02,scan_031,807,0.521,C02,0.01,40,C6
CNH_064,D02,scan_031,829,0.371,D02,0.01,45,C6
CNH_048,G01,scan_036,746,0.55,G01,0.01,50,C6
CNH_048,A04,scan_038,763.8,0.581,A04,0.01,50,C6
CNH_048,H01,scan_036,707,0.54,H01,0.1,10,C6
CNH_048,B04,scan_038,739.2,0.577,B04,0.1,10,C6
CNH_048,A02,scan_036,746,0.553,A02,0.1,20,C6
CNH_048,C04,scan_039,757,0.548,C04,0.1,20,C6
CNH_064,E02,scan_031,777,0.605,E02,0.1,25,C6
CNH_064,F02,scan_031,773.2222222,0.597,F02,0.1,30,C6
CNH_064,G02,scan_032,772,0.573,G02,0.1,35,C6
CNH_064,H02,scan_032,780,0.605,H02,0.1,40,C6
CNH_064,A03,scan_032,770,0.61,A03,0.1,45,C6
CNH_048,B02,scan_036,764.5,0.578,B02,0.1,50,C6
CNH_048,D04,scan_039,719.2857143,0.577,D04,0.1,50,C6
CNH_048,C02,scan_036,743,0.566,C02,1,10,C6
CNH_048,E04,scan_039,719,0.576,E04,1,10,C6
CNH_048,D02,scan_036,723,0.528,D02,1,20,C6
CNH_048,F04,scan_039,762,0.604,F04,1,20,C6
CMH_063,G02,scan_029,772,0.572,G02,1,20,C6
CMH_063,C06,scan_062,724.5,0.621,C06,1,20,C6
CNH_064,B03,scan_032,720.7142857,0.528,B03,1,25,C6
CMH_063,H02,scan_030,777,0.63,H02,1,25,C6
CMH_063,D06,scan_063,728,0.586,D06,1,25,C6
CMH_073,G08,scan_055,734,0.576,G08,1,25,C6
CMH_073,H08,scan_055,745,0.576,H08,1,25,C6
CMH_073,A09,scan_055,735.6,0.555,A09,1,25,C6
CNH_064,C03,scan_033,798,0.586,C03,1,30,C6
CMH_024,C01,scan_032,740.25,0.577,C01,1,30,C6
CMH_024,C05,scan_070,720.6666667,0.754,C05,1,30,C6
CNH_064,D03,scan_033,760.5,0.574,D03,1,35,C6
CMH_024,D01,scan_032,735.8,0.573,D01,1,35,C6
CMH_024,D05,scan_070,711.5,0.574,D05,1,35,C6
CNH_064,E03,scan_033,730.3333333,0.552,E03,1,40,C6
CMH_024,E01,scan_032,743.5714286,0.579,E01,1,40,C6
CMH_024,E05,scan_070,713.5,0.58,E05,1,40,C6
CNH_064,F03,scan_034,760,0.583,F03,1,45,C6
CMH_024,F01,scan_032,741,0.561,F01,1,45,C6
CMH_024,F05,scan_070,704,0.561,F05,1,45,C6
CNH_048,E02,scan_036,761.8,0.561,E02,1,50,C6
CNH_048,G04,scan_040,754.6666667,0.597,G04,1,50,C6
NLMCMH_164,D01,scan_037,771.3333333,0.567,D01,1,50,C6
NLMCMH_164,A06,scan_079,775.25,0.609,A06,1,50,C6
CMH_024,G01,scan_032,701.6,0.548,G01,1,60,C6
CMH_024,G05,scan_070,724.2,0.568,G05,1,60,C6
NLMCMH_164,E01,scan_037,780.8,0.563,E01,1,60,C6
NLMCMH_164,B06,scan_079,790,0.594,B06,1,60,C6
CNH_048,F02,scan_036,742.3333333,0.544,F02,10,10,C6
CNH_048,H04,scan_040,733.75,0.592,H04,10,10,C6
CMH_024,H01,scan_032,715.5,0.575,H01,10,10,C6
CMH_024,H05,scan_070,755,0.589,H05,10,10,C6
CMH_024,A02,scan_032,728.875,0.556,A02,10,15,C6
CMH_024,A06,scan_070,710,0.549,A06,10,15,C6
NLMCMH_164,F01,scan_037,745.5,0.542,F01,10,15,C6
NLMCMH_164,C06,scan_079,751.3333333,0.571,C06,10,15,C6
CNH_048,G02,scan_036,713,0.532,G02,10,20,C6
CNH_048,A05,scan_040,663,0.518,A05,10,20,C6
CMH_024,B02,scan_032,645,0.497,B02,10,20,C6
CMH_024,B06,scan_070,651,0.507,B06,10,20,C6
CNH_064,G03,scan_034,648.5,0.508,G03,10,25,C6
CMH_024,C02,scan_032,648.3333333,0.53,C02,10,25,C6
CMH_024,C06,scan_070,673.75,0.501,C06,10,25,C6
CMH_063,A03,scan_030,651,0.523,A03,10,25,C6
CMH_063,E06,scan_063,626,0.507,E06,10,25,C6
CNH_064,H03,scan_034,602,0.5,H03,10,30,C6
CMH_024,D02,scan_032,608.5,0.481,D02,10,30,C6
CMH_024,D06,scan_070,613,0.524,D06,10,30,C6
CNH_064,A04,scan_035,576.5,0.501,A04,10,35,C6
CMH_024,E02,scan_032,550,0.478,E02,10,35,C6
CMH_024,E06,scan_070,581.5,0.487,E06,10,35,C6
CMH_073,B09,scan_055,616.5,0.514,B09,10,35,C6
CMH_073,C09,scan_056,598.5,0.473,C09,10,35,C6
CMH_073,D09,scan_056,600,0.507,D09,10,35,C6
CNH_064,B04,scan_035,546,0.457,B04,10,40,C6
CMH_024,F06,scan_070,556.4,0.47,F06,10,40,C6
NLMCMH_164,G01,scan_037,592,0.49,G01,10,40,C6
NLMCMH_164,D06,scan_079,587,0.477,D06,10,40,C6
CNH_064,C04,scan_035,535,0.439,C04,10,45,C6
CMH_024,G02,scan_032,522,0.445,G02,10,45,C6
CMH_024,G06,scan_070,538,0.455,G06,10,45,C6
CNH_048,H02,scan_036,509,0.426,H02,10,50,C6
CNH_048,B05,scan_040,522.5,0.446,B05,10,50,C6
CMH_024,H02,scan_032,501.5,0.418,H02,10,50,C6
CMH_024,H06,scan_070,514,0.464,H06,10,50,C6
CMH_024,A03,scan_033,509,0.433,A03,10,55,C6
CMH_024,A07,scan_070,516,0.455,A07,10,55,C6
NLMCMH_164,E06,scan_079,537,0.454,E06,10,55,C6
CMH_024,B03,scan_033,511.6666667,0.443,B03,10,60,C6
CMH_024,B07,scan_071,508,0.449,B07,10,60,C6
NLMCMH_164,A02,scan_037,521.8333333,0.437,A02,10,60,C6
NLMCMH_164,F06,scan_079,520.1666667,0.432,F06,10,60,C6
CMH_024,C03,scan_033,501,0.409,C03,100,7,C6
CMH_024,C07,scan_071,505.6,0.437,C07,100,7,C6
NLMCMH_164,B02,scan_037,502,0.403,B02,100,7,C6
NLMCMH_164,G06,scan_079,500.5,0.433,G06,100,7,C6
CMH_024,D03,scan_034,496,0.411,D03,100,8,C6
CMH_024,D07,scan_071,492,0.423,D07,100,8,C6
NLMCMH_164,C02,scan_037,463.6666667,0.438,C02,100,8,C6
NLMCMH_164,H06,scan_079,496,0.445,H06,100,8,C6
CMH_024,E03,scan_034,476.1428571,0.385,E03,100,9,C6
CMH_024,E07,scan_071,481,0.424,E07,100,9,C6
NLMCMH_164,D02,scan_037,479.1666667,0.394,D02,100,9,C6
NLMCMH_164,A07,scan_079,473.5,0.438,A07,100,9,C6
CNH_048,A03,scan_036,477,0.38,A03,100,10,C6
CNH_048,C05,scan_040,478,0.415,C05,100,10,C6
NLMCMH_164,E02,scan_037,495,0.379,E02,100,10,C6
NLMCMH_164,B07,scan_079,479,0.43,B07,100,10,C6
CMH_024,F03,scan_034,480,0.403,F03,100,12,C6
CMH_024,F07,scan_072,495,0.421,F07,100,12,C6
NLMCMH_164,F02,scan_037,476,0.405,F02,100,12,C6
NLMCMH_164,C07,scan_079,479.5,0.425,C07,100,12,C6
CMH_024,G03,scan_035,491,0.404,G03,100,14,C6
CMH_024,G07,scan_072,499.5,0.422,G07,100,14,C6
NLMCMH_164,G02,scan_037,471,0.415,G02,100,14,C6
NLMCMH_164,D07,scan_079,481,0.4,D07,100,14,C6
CMH_024,H03,scan_035,516,0.353,H03,100,16,C6
CMH_024,H07,scan_072,502,0.432,H07,100,16,C6
NLMCMH_164,H02,scan_037,503,0.382,H02,100,16,C6
NLMCMH_164,E07,scan_079,490,0.416,E07,100,16,C6
CMH_024,A04,scan_035,520.5,0.367,A04,100,18,C6
CMH_024,A08,scan_072,524,0.391,A08,100,18,C6
NLMCMH_164,A03,scan_037,516.3333333,0.372,A03,100,18,C6
NLMCMH_164,F07,scan_079,513.6666667,0.379,F07,100,18,C6
CNH_048,B03,scan_036,523,0.31,B03,100,20,C6
CNH_048,D05,scan_040,522.5,0.381,D05,100,20,C6
NLMCMH_164,B03,scan_037,510,0.323,B03,100,20,C6
NLMCMH_164,G07,scan_079,554.5,0.337,G07,100,20,C6
CNH_064,D04,scan_035,524.3333333,0.366,D04,100,25,C6
CMH_024,B04,scan_036,520.6666667,0.393,B04,100,25,C6
CMH_024,B08,scan_073,555.3636364,0.366,B08,100,25,C6
CMH_063,B03,scan_030,583.6666667,0.342,B03,100,25,C6
CMH_063,F06,scan_063,579,0.29,F06,100,25,C6
CNH_064,E04,scan_035,551.5,0.354,E04,100,30,C6
CMH_024,C04,scan_036,617,0.316,C04,100,30,C6
CMH_024,C08,scan_073,581,0.355,C08,100,30,C6
CNH_064,F04,scan_035,565.375,0.295,F04,100,35,C6
CMH_024,D04,scan_036,644,0.309,D04,100,35,C6
CMH_024,D08,scan_073,632.1666667,0.355,D08,100,35,C6
CMH_073,E09,scan_056,640.5,0.328,E09,100,35,C6
CMH_073,F09,scan_056,651,0.379,F09,100,35,C6
CMH_073,G09,scan_056,646,0.357,G09,100,35,C6
CNH_064,G04,scan_035,586.75,0.315,G04,100,40,C6
CMH_024,E04,scan_036,656.8571429,0.348,E04,100,40,C6
CMH_024,E08,scan_074,647,0.344,E08,100,40,C6
CMH_063,C03,scan_031,689.25,0.348,C03,100,40,C6
CMH_063,G06,scan_063,667.5,0.279,G06,100,40,C6
CNH_064,H04,scan_035,619,0.366,H04,100,45,C6
CMH_024,F04,scan_036,642,0.317,F04,100,45,C6
CMH_024,F08,scan_074,669.2857143,0.307,F08,100,45,C6
CNH_048,C03,scan_036,666,0.241,C03,100,50,C6
CNH_048,E05,scan_040,626.6666667,0.276,E05,100,50,C6
CMH_024,G04,scan_036,663.8,0.331,G04,100,50,C6
CMH_024,G08,scan_074,688,0.316,G08,100,50,C6
CMH_024,H04,scan_036,673,0.341,H04,100,55,C6
CMH_024,H08,scan_074,691,0.303,H08,100,55,C6
NLMCMH_164,C03,scan_037,675.4285714,0.206,C03,100,55,C6
NLMCMH_164,H07,scan_079,646,0.19,H07,100,55,C6
CMH_024,A05,scan_036,649.8,0.314,A05,100,60,C6
CMH_024,A09,scan_074,650.8888889,0.262,A09,100,60,C6
NLMCMH_164,D03,scan_037,676.5,0.151,D03,100,60,C6
NLMCMH_164,A08,scan_079,668.75,0.158,A08,100,60,C6
CMH_059,A02,scan_039,759,0.588,A02,1,20,C5
CMH_059,H06,scan_083,760,0.624,H06,1,20,C5
CMH_063,D02,scan_028,712.5,0.574,D02,1,20,C5
CMH_063,H05,scan_061,726.5,0.615,H05,1,20,C5
CMH_031,C01,scan_032,693.3333333,0.529,C01,1,30,C5
CMH_063,E02,scan_029,730,0.591,E02,1,30,C5
CMH_063,A06,scan_062,748,0.62,A06,1,30,C5
CMH_031,D01,scan_032,709.25,0.539,D01,1,35,C5
CMH_031,D05,scan_070,695.8,0.565,D05,1,35,C5
CMH_063,F02,scan_029,723,0.604,F02,1,35,C5
CMH_063,B06,scan_062,755.5,0.607,B06,1,35,C5
CMH_031,E01,scan_032,708.5,0.546,E01,1,40,C5
CMH_031,E05,scan_070,687,0.516,E05,1,40,C5
CMH_059,F01,scan_039,761,0.566,F01,1,40,C5
CMH_059,E06,scan_083,740.6,0.586,E06,1,40,C5
CMH_031,F01,scan_032,689,0.535,F01,1,45,C5
CMH_031,F05,scan_070,719.2,0.546,F05,1,45,C5
CMH_059,G01,scan_039,753.5,0.584,G01,1,45,C5
CMH_059,F06,scan_083,760,0.599,F06,1,45,C5
CMH_031,G01,scan_032,669.5,0.51,G01,1,60,C5
CMH_031,G05,scan_070,704,0.562,G05,1,60,C5
CMH_059,H01,scan_039,746,0.571,H01,1,60,C5
CMH_059,G06,scan_083,748.3333333,0.603,G06,1,60,C5
CMH_031,H01,scan_032,690,0.543,H01,10,10,C5
CMH_031,H05,scan_070,712,0.518,H05,10,10,C5
CMH_059,B02,scan_039,754.3333333,0.579,B02,10,10,C5
CMH_059,A07,scan_083,775,0.588,A07,10,10,C5
CMH_031,A02,scan_032,689,0.526,A02,10,15,C5
CMH_031,A06,scan_070,706,0.528,A06,10,15,C5
CMH_059,C02,scan_039,771,0.588,C02,10,15,C5
CMH_059,B07,scan_083,739.2857143,0.571,B07,10,15,C5
CMH_031,B02,scan_032,733.5,0.557,B02,10,20,C5
CMH_031,B06,scan_070,688.5,0.532,B06,10,20,C5
CMH_059,D02,scan_039,775,0.514,D02,10,20,C5
CMH_059,C07,scan_083,718.5,0.552,C07,10,20,C5
CMH_031,C06,scan_070,707.5,0.541,C06,10,25,C5
CMH_059,E02,scan_039,725,0.548,E02,10,25,C5
CMH_059,D07,scan_083,694,0.525,D07,10,25,C5
CMH_031,D02,scan_032,649,0.511,D02,10,30,C5
CMH_031,D06,scan_070,688,0.499,D06,10,30,C5
CMH_059,F02,scan_039,687,0.512,F02,10,30,C5
CMH_059,E07,scan_083,652.3333333,0.47,E07,10,30,C5
CMH_031,E02,scan_032,651,0.517,E02,10,35,C5
CMH_031,E06,scan_070,636.2,0.503,E06,10,35,C5
CMH_059,G02,scan_039,652.6666667,0.492,G02,10,35,C5
CMH_059,F07,scan_083,607,0.441,F07,10,35,C5
CMH_031,F02,scan_032,622.375,0.482,F02,10,40,C5
CMH_031,F06,scan_070,615.6666667,0.476,F06,10,40,C5
CMH_059,H02,scan_039,631.3333333,0.508,H02,10,40,C5
CMH_059,G07,scan_083,592.5,0.43,G07,10,40,C5
CMH_031,G02,scan_032,592.6666667,0.467,G02,10,45,C5
CMH_031,G06,scan_070,602.5,0.462,G06,10,45,C5
CMH_059,A03,scan_039,600.6666667,0.471,A03,10,45,C5
CMH_059,H07,scan_083,558,0.379,H07,10,45,C5
CMH_031,H02,scan_032,550.5,0.464,H02,10,50,C5
CMH_031,H06,scan_070,583.2,0.476,H06,10,50,C5
CMH_059,B03,scan_039,591,0.47,B03,10,50,C5
CMH_059,A08,scan_083,570.5,0.463,A08,10,50,C5
CMH_031,A03,scan_033,554,0.463,A03,10,55,C5
CMH_031,A07,scan_070,557,0.474,A07,10,55,C5
CMH_059,C03,scan_039,583.4285714,0.45,C03,10,55,C5
CMH_059,B08,scan_083,556,0.417,B08,10,55,C5
CMH_031,B07,scan_071,559.4,0.464,B07,10,60,C5
CMH_059,D03,scan_039,563,0.411,D03,10,60,C5
CMH_059,E03,scan_039,562.5,0.421,E03,10,60,C5
CMH_059,D08,scan_083,529,0.624,D08,10,60,C5
CMH_031,C03,scan_033,518,0.451,C03,100,7,C5
CMH_031,C07,scan_071,522,0.428,C07,100,7,C5
CMH_059,F03,scan_039,537.75,0.392,F03,100,7,C5
CMH_059,E08,scan_083,508.5,0.386,E08,100,7,C5
CMH_031,D03,scan_034,498.5,0.429,D03,100,8,C5
CMH_031,D07,scan_071,519.8,0.44,D07,100,8,C5
CMH_059,G03,scan_039,521,0.405,G03,100,8,C5
CMH_059,F08,scan_083,522,0.416,F08,100,8,C5
CMH_031,E03,scan_034,495,0.412,E03,100,9,C5
CMH_031,E07,scan_071,517,0.44,E07,100,9,C5
CMH_059,H03,scan_040,516,0.418,H03,100,9,C5
CMH_059,G08,scan_084,512.5,0.38,G08,100,9,C5
CMH_031,F03,scan_034,480.5,0.422,F03,100,12,C5
CMH_031,F07,scan_072,491,0.437,F07,100,12,C5
CMH_059,A04,scan_040,506.5,0.396,A04,100,12,C5
CMH_059,H08,scan_084,503,0.407,H08,100,12,C5
CMH_031,G03,scan_035,500,0.401,G03,100,14,C5
CMH_031,G07,scan_072,498.6666667,0.421,G07,100,14,C5
CMH_059,A09,scan_084,506,0.403,A09,100,14,C5
CMH_031,H03,scan_035,501,0.401,H03,100,16,C5
CMH_031,H07,scan_072,495.5,0.417,H07,100,16,C5
CMH_059,C04,scan_041,519.3333333,0.362,C04,100,16,C5
CMH_059,B09,scan_084,510,0.369,B09,100,16,C5
CMH_031,A04,scan_035,522,0.347,A04,100,18,C5
CMH_031,A08,scan_072,481,0.446,A08,100,18,C5
CMH_059,D04,scan_041,537.6666667,0.331,D04,100,18,C5
CMH_059,C09,scan_085,524,0.361,C09,100,18,C5
CMH_031,B04,scan_036,544.2,0.35,B04,100,25,C5
CMH_031,B08,scan_073,539,0.382,B08,100,25,C5
CMH_059,E04,scan_041,564,0.329,E04,100,25,C5
CMH_059,D09,scan_085,564.5,0.332,D09,100,25,C5
CMH_031,C04,scan_036,581,0.346,C04,100,30,C5
CMH_031,C08,scan_073,615.5,0.339,C08,100,30,C5
CMH_059,F04,scan_042,619,0.304,F04,100,30,C5
CMH_059,E09,scan_085,611.5,0.298,E09,100,30,C5
CMH_031,D04,scan_036,587,0.337,D04,100,35,C5
CMH_031,D08,scan_073,589.6666667,0.376,D08,100,35,C5
CMH_059,G04,scan_042,635.8333333,0.324,G04,100,35,C5
CMH_059,F09,scan_085,608,0.27,F09,100,35,C5
CMH_031,E04,scan_036,620,0.392,E04,100,40,C5
CMH_031,E08,scan_074,623,0.342,E08,100,40,C5
CMH_059,H04,scan_042,656.3333333,0.315,H04,100,40,C5
CMH_059,G09,scan_086,637.6666667,0.271,G09,100,40,C5
CMH_031,F04,scan_036,636.625,0.324,F04,100,45,C5
CMH_031,F08,scan_074,642.75,0.324,F08,100,45,C5
CMH_059,A05,scan_042,661.25,0.322,A05,100,45,C5
CMH_059,H09,scan_086,658.125,0.286,H09,100,45,C5
CMH_031,G04,scan_036,635.8571429,0.372,G04,100,50,C5
CMH_031,G08,scan_074,638.0833333,0.289,G08,100,50,C5
CMH_059,B05,scan_043,670.4285714,0.261,B05,100,50,C5
CMH_059,A10,scan_086,646.5,0.258,A10,100,50,C5
CMH_031,H04,scan_036,638,0.323,H04,100,55,C5
CMH_031,H08,scan_074,656.3333333,0.257,H08,100,55,C5
CMH_059,C05,scan_043,657.75,0.268,C05,100,55,C5
CMH_059,B10,scan_086,668.4,0.264,B10,100,55,C5
CMH_031,A05,scan_036,617.9090909,0.224,A05,100,60,C5
CMH_031,A09,scan_074,623,0.229,A09,100,60,C5
CMH_059,D05,scan_043,670.125,0.236,D05,100,60,C5
CMH_059,C10,scan_087,666,0.18,C10,100,60,C5
CNH_049,C07,scan_036,690,0.537,C07,0.001,20,C4
CNH_049,E09,scan_037,674,0.478,E09,0.001,20,C4
CNH_049,D07,scan_036,745,0.61,D07,0.001,50,C4
CNH_049,F09,scan_037,687,0.545,F09,0.001,50,C4
CNH_049,E07,scan_036,692.6666667,0.546,E07,0.01,10,C4
CNH_049,G09,scan_037,736,0.566,G09,0.01,10,C4
CNH_049,F07,scan_036,703.5,0.528,F07,0.01,20,C4
CNH_049,H09,scan_038,710,0.533,H09,0.01,20,C4
CNH_049,G07,scan_036,726,0.53,G07,0.01,50,C4
CNH_049,A10,scan_038,697,0.55,A10,0.01,50,C4
CNH_049,H07,scan_036,675,0.552,H07,0.1,10,C4
CNH_049,B10,scan_038,691,0.563,B10,0.1,10,C4
CNH_049,A08,scan_036,684,0.52,A08,0.1,20,C4
CNH_049,C10,scan_039,693,0.527,C10,0.1,20,C4
CNH_049,B08,scan_036,691,0.525,B08,0.1,50,C4
CNH_049,D10,scan_039,704.6,0.55,D10,0.1,50,C4
CNH_049,C08,scan_036,759,0.614,C08,1,10,C4
CNH_049,E10,scan_039,693,0.563,E10,1,10,C4
CNH_049,D08,scan_036,729,0.58,D08,1,20,C4
CNH_049,F10,scan_039,672.6666667,0.529,F10,1,20,C4
CMH_057,H02,scan_034,748,0.59,H02,1,20,C4
CMH_057,C07,scan_062,770.5,0.593,C07,1,20,C4
CMH_016,C01,scan_028,762,0.596,C01,1,30,C4
CMH_016,G04,scan_062,726.25,0.566,G04,1,30,C4
CMH_038,C01,scan_024,789,0.609,C01,1,30,C4
CMH_038,B04,scan_052,759.5,0.634,B04,1,30,C4
CMH_068,H06,scan_051,785.6666667,0.614,H06,1,30,C4
CMH_016,D01,scan_028,749.8333333,0.555,D01,1,35,C4
CMH_016,H04,scan_062,748.6666667,0.548,H04,1,35,C4
CMH_057,A03,scan_034,765,0.631,A03,1,35,C4
CMH_057,D07,scan_062,789,0.682,D07,1,35,C4
CMH_016,E01,scan_028,667,0.5,E01,1,40,C4
CMH_016,A05,scan_062,711.6666667,0.525,A05,1,40,C4
CMH_057,B03,scan_034,760,0.646,B03,1,40,C4
CMH_057,E07,scan_062,788,0.675,E07,1,40,C4
NLM_166,C02,scan_025,716.7142857,0.472,C02,1,40,C4
NLM_166,F03,scan_028,769,0.629,F03,1,40,C4
NLM_166,C05,scan_054,782,0.621,C05,1,40,C4
NLM_166,F06,scan_057,766.4444444,0.643,F06,1,40,C4
CMH_016,B05,scan_062,750.5,0.596,B05,1,45,C4
CMH_057,C03,scan_035,762.5,0.649,C03,1,45,C4
CMH_057,F07,scan_063,781,0.65,F07,1,45,C4
CMH_059,E05,scan_043,789,0.653,E05,1,45,C4
CMH_059,D10,scan_087,810.5,0.697,D10,1,45,C4
CNH_049,E08,scan_036,740,0.597,E08,1,50,C4
CNH_049,G10,scan_040,668.5,0.486,G10,1,50,C4
CMH_057,G07,scan_063,779,0.674,G07,1,50,C4
NLM_166,G01,scan_024,771,0.543,G01,1,50,C4
NLM_166,B03,scan_028,785,0.62,B03,1,50,C4
NLM_166,G04,scan_053,786,0.656,G04,1,50,C4
NLM_166,B06,scan_056,793.3333333,0.67,B06,1,50,C4
CMH_038,D01,scan_024,748,0.596,D01,1,60,C4
CMH_038,C04,scan_052,763,0.638,C04,1,60,C4
CMH_057,E03,scan_035,798.8333333,0.688,E03,1,60,C4
CMH_057,H07,scan_063,808,0.667,H07,1,60,C4
CMH_068,A07,scan_051,776.5,0.631,A07,1,60,C4
CNH_049,F08,scan_036,759,0.613,F08,10,10,C4
CNH_049,H10,scan_040,689.5,0.561,H10,10,10,C4
CMH_038,E01,scan_024,740.6,0.73,E01,10,10,C4
CMH_038,D04,scan_052,788,0.668,D04,10,10,C4
CMH_068,B07,scan_051,743.5,0.573,B07,10,10,C4
CMH_038,F01,scan_024,760,0.624,F01,10,15,C4
CMH_038,E04,scan_052,751,0.608,E04,10,15,C4
CMH_057,F03,scan_036,725.5,0.587,F03,10,15,C4
CMH_057,A08,scan_063,730,0.618,A08,10,15,C4
CMH_068,C07,scan_051,744,0.564,C07,10,15,C4
CNH_049,G08,scan_036,713.25,0.579,G08,10,20,C4
CNH_049,A11,scan_040,725,0.549,A11,10,20,C4
CMH_038,G01,scan_024,775.3333333,0.622,G01,10,20,C4
CMH_038,F04,scan_052,782,0.637,F04,10,20,C4
CMH_068,D07,scan_051,770,0.594,D07,10,20,C4
CMH_016,G01,scan_028,745,0.592,G01,10,25,C4
CMH_016,C05,scan_062,699.125,0.59,C05,10,25,C4
CMH_057,G03,scan_036,767,0.623,G03,10,25,C4
CMH_057,B08,scan_064,756.3333333,0.614,B08,10,25,C4
CMH_016,H01,scan_028,763,0.561,H01,10,30,C4
CMH_016,D05,scan_062,724,0.833,D05,10,30,C4
CMH_038,H01,scan_024,776.6666667,0.623,H01,10,30,C4
CMH_038,G04,scan_052,758.25,0.628,G04,10,30,C4
CMH_068,E07,scan_051,782,0.633,E07,10,30,C4
CMH_016,A02,scan_028,644.6363636,0.519,A02,10,35,C4
CMH_016,E05,scan_062,708.5,0.499,E05,10,35,C4
CMH_057,H03,scan_036,772.6666667,0.638,H03,10,35,C4
CMH_057,C08,scan_064,738,0.615,C08,10,35,C4
NLM_166,H01,scan_025,752.8333333,0.512,H01,10,35,C4
NLM_166,C03,scan_028,786.4,0.628,C03,10,35,C4
NLM_166,H04,scan_053,775,0.622,H04,10,35,C4
NLM_166,C06,scan_057,762,0.647,C06,10,35,C4
CMH_016,B02,scan_028,757,0.6,B02,10,40,C4
CMH_016,F05,scan_062,746.5384615,0.532,F05,10,40,C4
CMH_038,A02,scan_025,755.6,0.613,A02,10,40,C4
CMH_038,H04,scan_053,794.3333333,0.652,H04,10,40,C4
CMH_068,F07,scan_052,818.3333333,0.651,F07,10,40,C4
CMH_016,C02,scan_028,755,0.592,C02,10,45,C4
CMH_016,G05,scan_062,729,0.521,G05,10,45,C4
CMH_057,A04,scan_037,760.6666667,0.647,A04,10,45,C4
CMH_057,D08,scan_064,775.5,0.643,D08,10,45,C4
CNH_049,H08,scan_036,710.5,0.556,H08,10,50,C4
CNH_049,B11,scan_040,728.5,0.577,B11,10,50,C4
CMH_016,D02,scan_029,767.5,0.563,D02,10,50,C4
CMH_016,H05,scan_062,741.25,0.51,H05,10,50,C4
CMH_038,B02,scan_025,752.5,0.631,B02,10,50,C4
CMH_038,A05,scan_053,800,0.685,A05,10,50,C4
CMH_068,G07,scan_052,798,0.649,G07,10,50,C4
CMH_016,E02,scan_029,789,0.605,E02,10,55,C4
CMH_016,A06,scan_062,704,0.548,A06,10,55,C4
CMH_057,B04,scan_037,798,0.661,B04,10,55,C4
CMH_057,E08,scan_064,773,0.662,E08,10,55,C4
CMH_016,F02,scan_029,769,0.623,F02,10,60,C4
CMH_016,B06,scan_063,735.2,0.504,B06,10,60,C4
CMH_038,C02,scan_025,789,0.613,C02,10,60,C4
CMH_038,B05,scan_053,800,0.675,B05,10,60,C4
CMH_068,H07,scan_052,812,0.639,H07,10,60,C4
CMH_016,G02,scan_029,781,0.599,G02,100,7,C4
CMH_016,C06,scan_063,751.3333333,0.575,C06,100,7,C4
CMH_038,D02,scan_026,777,0.606,D02,100,7,C4
CMH_038,C05,scan_054,802,0.628,C05,100,7,C4
CMH_068,A08,scan_052,762.5,0.595,A08,100,7,C4
CMH_016,H02,scan_030,762,0.578,H02,100,8,C4
CMH_016,D06,scan_063,751.3333333,0.59,D06,100,8,C4
CMH_038,E02,scan_026,788,0.664,E02,100,8,C4
CMH_038,D05,scan_054,744,0.606,D05,100,8,C4
CMH_068,B08,scan_053,782,0.619,B08,100,8,C4
CMH_016,A03,scan_030,784,0.616,A03,100,9,C4
CMH_016,E06,scan_064,775,0.642,E06,100,9,C4
CMH_038,F02,scan_026,801,0.647,F02,100,9,C4
CMH_038,E05,scan_054,763,0.583,E05,100,9,C4
CMH_068,C08,scan_053,793,0.645,C08,100,9,C4
CNH_049,A09,scan_036,789,0.627,A09,100,10,C4
CNH_049,C11,scan_040,780.6666667,0.619,C11,100,10,C4
CMH_057,C04,scan_037,797.25,0.645,C04,100,10,C4
CMH_057,F08,scan_065,789.5,0.674,F08,100,10,C4
CMH_016,B03,scan_030,739,0.521,B03,100,12,C4
CMH_016,F06,scan_064,759,0.567,F06,100,12,C4
CMH_038,G02,scan_027,807.5,0.671,G02,100,12,C4
CMH_038,F05,scan_054,797,0.636,F05,100,12,C4
CMH_068,D08,scan_053,792,0.635,D08,100,12,C4
CMH_016,C03,scan_031,797.6,0.634,C03,100,14,C4
CMH_016,G06,scan_064,811,0.67,G06,100,14,C4
CMH_057,D04,scan_038,772.5,0.635,D04,100,14,C4
CMH_057,G08,scan_065,776,0.616,G08,100,14,C4
CMH_016,D03,scan_031,755,0.565,D03,100,16,C4
CMH_016,H06,scan_064,847.4,0.716,H06,100,16,C4
CMH_038,H02,scan_027,841,0.693,H02,100,16,C4
CMH_038,G05,scan_055,798,0.65,G05,100,16,C4
CMH_068,E08,scan_053,781,0.607,E08,100,16,C4
CMH_016,E03,scan_031,837.5,0.691,E03,100,18,C4
CMH_016,A07,scan_065,780.2,0.603,A07,100,18,C4
CMH_038,A03,scan_027,815,0.689,A03,100,18,C4
CMH_038,H05,scan_055,775,0.647,H05,100,18,C4
CMH_068,F08,scan_054,786.5,0.622,F08,100,18,C4
CNH_049,B09,scan_036,833.5,0.61,B09,100,20,C4
CNH_049,D11,scan_040,783,0.492,D11,100,20,C4
CMH_057,E04,scan_038,782,0.631,E04,100,20,C4
CMH_057,H08,scan_065,795,0.644,H08,100,20,C4
CMH_016,F03,scan_032,840,0.675,F03,100,25,C4
CMH_016,B07,scan_065,764,0.609,B07,100,25,C4
CMH_038,B03,scan_028,820.5,0.669,B03,100,25,C4
CMH_038,A06,scan_055,790.8,0.65,A06,100,25,C4
CMH_068,G08,scan_054,790,0.602,G08,100,25,C4
CMH_016,G03,scan_032,816.6666667,0.634,G03,100,30,C4
CMH_016,C07,scan_065,804.6666667,0.863,C07,100,30,C4
CMH_038,C03,scan_028,814,0.669,C03,100,30,C4
CMH_038,B06,scan_056,801.5,0.62,B06,100,30,C4
CMH_068,H08,scan_054,801.3333333,0.598,H08,100,30,C4
CMH_016,H03,scan_032,814.6666667,0.634,H03,100,35,C4
CMH_038,D03,scan_028,805.5714286,0.665,D03,100,35,C4
CMH_038,C06,scan_056,784,0.627,C06,100,35,C4
CMH_068,A09,scan_054,793,0.595,A09,100,35,C4
CMH_016,A04,scan_032,823,0.648,A04,100,40,C4
CMH_016,E07,scan_066,822,0.671,E07,100,40,C4
CMH_038,E03,scan_028,797,0.629,E03,100,40,C4
CMH_038,D06,scan_056,786,0.632,D06,100,40,C4
CMH_068,B09,scan_055,797.6666667,0.612,B09,100,40,C4
CMH_016,B04,scan_032,825.5,0.671,B04,100,45,C4
CMH_016,F07,scan_066,799,0.611,F07,100,45,C4
CMH_038,F03,scan_028,785,0.658,F03,100,45,C4
CMH_038,E06,scan_056,782,0.544,E06,100,45,C4
CMH_068,C09,scan_055,783.5,0.594,C09,100,45,C4
CNH_049,C09,scan_036,845.5,0.585,C09,100,50,C4
CNH_049,E11,scan_040,813,0.555,E11,100,50,C4
CMH_016,C04,scan_032,813,0.603,C04,100,50,C4
CMH_038,G03,scan_028,804.1,0.416,G03,100,50,C4
CMH_038,F06,scan_056,758.4,0.681,F06,100,50,C4
CMH_068,D09,scan_055,772,0.55,D09,100,50,C4
CMH_016,D04,scan_032,798,0.534,D04,100,55,C4
CMH_016,H07,scan_066,792,0.611,H07,100,55,C4
CMH_038,H03,scan_028,773,0.485,H03,100,55,C4
CMH_038,G06,scan_056,729,0.484,G06,100,55,C4
CMH_068,E09,scan_055,761,0.557,E09,100,55,C4
CMH_016,E04,scan_032,751,0.48,E04,100,60,C4
CMH_016,A08,scan_066,642,0.287,A08,100,60,C4
CMH_038,A04,scan_028,746.5,0.541,A04,100,60,C4
CMH_038,H06,scan_056,752.25,0.473,H06,100,60,C4
CMH_068,F09,scan_055,751,0.537,F09,100,60,C4
CNH_065,C07,scan_036,645.2,0.506,C07,0.001,20,C1
CNH_065,E09,scan_037,690,0.529,E09,0.001,20,C1
CNH_065,D07,scan_036,727,0.542,D07,0.001,50,C1
CNH_065,F09,scan_037,711,0.526,F09,0.001,50,C1
CNH_065,E07,scan_036,693,0.543,E07,0.01,10,C1
CNH_065,G09,scan_037,688.4,0.519,G09,0.01,10,C1
CNH_065,F07,scan_036,705,0.526,F07,0.01,20,C1
CNH_065,H09,scan_038,715.75,0.539,H09,0.01,20,C1
CNH_065,G07,scan_036,692.5555556,0.526,G07,0.01,50,C1
CNH_065,A10,scan_038,692.5,0.523,A10,0.01,50,C1
CNH_065,H07,scan_036,706,0.554,H07,0.1,10,C1
CNH_065,B10,scan_038,680.8333333,0.544,B10,0.1,10,C1
CNH_065,A08,scan_036,693,0.532,A08,0.1,20,C1
CNH_065,C10,scan_039,689,0.551,C10,0.1,20,C1
CNH_065,B08,scan_036,754,0.585,B08,0.1,50,C1
CNH_065,D10,scan_039,741.5,0.56,D10,0.1,50,C1
CNH_065,C08,scan_036,687.6666667,0.554,C08,1,10,C1
CNH_065,E10,scan_039,669,0.542,E10,1,10,C1
CNH_065,D08,scan_036,691.25,0.528,D08,1,20,C1
CNH_065,F10,scan_040,709.3333333,0.543,F10,1,20,C1
CMH_057,B01,scan_034,728.5,0.598,B01,1,20,C1
CMH_018,C01,scan_028,734.3333333,0.556,C01,1,30,C1
CMH_018,G04,scan_062,730,0.57,G04,1,30,C1
CMH_037,C01,scan_024,765.8571429,0.582,C01,1,30,C1
CMH_037,B04,scan_052,759.25,0.596,B04,1,30,C1
CMH_018,D01,scan_028,710,0.547,D01,1,35,C1
CMH_018,H04,scan_062,730,0.561,H04,1,35,C1
CMH_057,C01,scan_034,745,0.611,C01,1,35,C1
CMH_018,E01,scan_028,710.5,0.529,E01,1,40,C1
CMH_018,A05,scan_062,715.3333333,0.548,A05,1,40,C1
CMH_057,D01,scan_034,778.5,0.655,D01,1,40,C1
CMH_063,B01,scan_028,774,0.635,B01,1,40,C1
CMH_063,F04,scan_061,795.75,0.653,F04,1,40,C1
CMH_018,F01,scan_028,740,0.541,F01,1,45,C1
CMH_018,B05,scan_062,743,0.544,B05,1,45,C1
CMH_057,E01,scan_034,754,0.621,E01,1,45,C1
CNH_065,E08,scan_036,726.8333333,0.562,E08,1,50,C1
CNH_065,G10,scan_040,721.6,0.562,G10,1,50,C1
CMH_057,F01,scan_034,757.6,0.622,F01,1,50,C1
CMH_073,F07,scan_052,760.5,0.574,F07,1,50,C1
CMH_073,G07,scan_053,792,0.597,G07,1,50,C1
CMH_073,H07,scan_053,773.8888889,0.584,H07,1,50,C1
CMH_037,D01,scan_024,793,0.606,D01,1,60,C1
CMH_057,G01,scan_034,773.6666667,0.658,G01,1,60,C1
CMH_063,C01,scan_028,788,0.64,C01,1,60,C1
CMH_063,G04,scan_061,789.5,0.657,G04,1,60,C1
CNH_065,F08,scan_036,758,0.582,F08,10,10,C1
CNH_065,H10,scan_040,725,0.577,H10,10,10,C1
CMH_037,E01,scan_024,745,0.559,E01,10,10,C1
CMH_037,D04,scan_052,740,0.568,D04,10,10,C1
CMH_037,F01,scan_024,751.5,0.554,F01,10,15,C1
CMH_037,E04,scan_052,751.1666667,0.555,E04,10,15,C1
CMH_057,H01,scan_034,713.6666667,0.58,H01,10,15,C1
CMH_063,D01,scan_028,764,0.591,D01,10,15,C1
CMH_063,H04,scan_061,760,0.593,H04,10,15,C1
CNH_065,G08,scan_036,749.1666667,0.558,G08,10,20,C1
CNH_065,A11,scan_040,726.6666667,0.578,A11,10,20,C1
CMH_037,G01,scan_024,769,0.617,G01,10,20,C1
CMH_037,F04,scan_052,769,0.611,F04,10,20,C1
CMH_018,G01,scan_028,803,0.618,G01,10,25,C1
CMH_018,C05,scan_062,768,0.592,C05,10,25,C1
CMH_057,A02,scan_034,703,0.585,A02,10,25,C1
NLM_166,D02,scan_026,808.3333333,0.563,D02,10,25,C1
NLM_166,G03,scan_028,782,0.606,G03,10,25,C1
NLM_166,D05,scan_055,775.5,0.616,D05,10,25,C1
NLM_166,G06,scan_057,751.6666667,0.648,G06,10,25,C1
CMH_018,H01,scan_028,790.5714286,0.592,H01,10,30,C1
CMH_018,D05,scan_062,790.8181818,0.604,D05,10,30,C1
CMH_037,H01,scan_024,812,0.66,H01,10,30,C1
CMH_037,G04,scan_052,796,0.645,G04,10,30,C1
CMH_018,A02,scan_028,758,0.572,A02,10,35,C1
CMH_018,E05,scan_062,772,0.586,E05,10,35,C1
CMH_057,B02,scan_034,721,0.592,B02,10,35,C1
CMH_037,A02,scan_025,800,0.624,A02,10,40,C1
CMH_037,H04,scan_053,819,0.665,H04,10,40,C1
CMH_059,F05,scan_043,817,0.655,F05,10,40,C1
CMH_059,E10,scan_087,819.5,0.691,E10,10,40,C1
CMH_018,C02,scan_028,760,0.557,C02,10,45,C1
CMH_057,C02,scan_034,723.5,0.583,C02,10,45,C1
CMH_063,E01,scan_028,819,0.633,E01,10,45,C1
CMH_063,A05,scan_061,849,0.665,A05,10,45,C1
NLM_166,F01,scan_024,798,0.503,F01,10,45,C1
NLM_166,A03,scan_027,795.3333333,0.594,A03,10,45,C1
NLM_166,F04,scan_053,788,0.572,F04,10,45,C1
NLM_166,A06,scan_056,811,0.62,A06,10,45,C1
CNH_065,H08,scan_036,783.6666667,0.582,H08,10,50,C1
CNH_065,B11,scan_040,763,0.59,B11,10,50,C1
CMH_018,D02,scan_029,754,0.523,D02,10,50,C1
CMH_018,H05,scan_062,782.6666667,0.578,H05,10,50,C1
CMH_037,B02,scan_025,790,0.607,B02,10,50,C1
CMH_037,A05,scan_053,851,0.674,A05,10,50,C1
CMH_018,E02,scan_029,743,0.489,E02,10,55,C1
CMH_018,A06,scan_062,778,0.623,A06,10,55,C1
CMH_057,D02,scan_034,706.5,0.569,D02,10,55,C1
CMH_018,B06,scan_063,799,0.605,B06,10,60,C1
CMH_037,C02,scan_025,805,0.597,C02,10,60,C1
CMH_037,B05,scan_053,815,0.63,B05,10,60,C1
CMH_063,F01,scan_028,797,0.592,F01,10,60,C1
CMH_063,B05,scan_061,788.5,0.597,B05,10,60,C1
CMH_018,G02,scan_029,847.7142857,0.656,G02,100,7,C1
CMH_018,C06,scan_063,809,0.651,C06,100,7,C1
CMH_037,D02,scan_026,819,0.64,D02,100,7,C1
CMH_037,C05,scan_054,774.5,0.626,C05,100,7,C1
CMH_018,H02,scan_030,819.6666667,0.58,H02,100,8,C1
CMH_037,E02,scan_026,816,0.626,E02,100,8,C1
CMH_037,D05,scan_054,823.25,0.642,D05,100,8,C1
CMH_018,A03,scan_030,866,0.681,A03,100,9,C1
CMH_018,E06,scan_064,819.75,0.603,E06,100,9,C1
CMH_037,F02,scan_026,812.3333333,0.567,F02,100,9,C1
CMH_037,E05,scan_054,833.2857143,0.677,E05,100,9,C1
CNH_065,A09,scan_036,780,0.506,A09,100,10,C1
CNH_065,C11,scan_040,802,0.582,C11,100,10,C1
CMH_057,E02,scan_034,836.5,0.633,E02,100,10,C1
CMH_057,H06,scan_062,846,0.617,H06,100,10,C1
CMH_018,B03,scan_030,842,0.621,B03,100,12,C1
CMH_018,F06,scan_064,823,0.61,F06,100,12,C1
CMH_037,G02,scan_027,870.5,0.641,G02,100,12,C1
CMH_037,F05,scan_054,846,0.607,F05,100,12,C1
CMH_018,C03,scan_031,792,0.562,C03,100,14,C1
CMH_018,G06,scan_064,870,0.621,G06,100,14,C1
CMH_057,F02,scan_034,853,0.633,F02,100,14,C1
CMH_057,A07,scan_062,849,0.614,A07,100,14,C1
CMH_018,D03,scan_031,882.5,0.629,D03,100,16,C1
CMH_018,H06,scan_064,840,0.555,H06,100,16,C1
CMH_037,H02,scan_027,851,0.532,H02,100,16,C1
CMH_037,G05,scan_055,808,0.541,G05,100,16,C1
CMH_018,E03,scan_031,848,0.525,E03,100,18,C1
CMH_018,A07,scan_065,870,0.59,A07,100,18,C1
CMH_037,A03,scan_027,863,0.574,A03,100,18,C1
CMH_037,H05,scan_055,875,0.605,H05,100,18,C1
CNH_065,B09,scan_036,846,0.509,B09,100,20,C1
CNH_065,D11,scan_040,776.4285714,0.457,D11,100,20,C1
CMH_057,B07,scan_062,927,0.595,B07,100,20,C1
CMH_059,G05,scan_043,866.5,0.542,G05,100,20,C1
NLM_166,C01,scan_024,654.2,0.335,C01,100,20,C1
NLM_166,F02,scan_026,834,0.489,F02,100,20,C1
NLM_166,C04,scan_053,867,0.533,C04,100,20,C1
NLM_166,F05,scan_055,898.5,0.577,F05,100,20,C1
NLM_168,B01,scan_015,873,0.404,B01,100,20,C1
NLM_168,E01,scan_016,851,0.344,E01,100,20,C1
NLM_168,H01,scan_016,814.5,0.392,H01,100,20,C1
NLM_168,C02,scan_016,794.3333333,0.372,C02,100,20,C1
NLM_168,F02,scan_032,790,0.312,F02,100,20,C1
NLM_168,A03,scan_032,859.8333333,0.496,A03,100,20,C1
NLM_168,D03,scan_033,811,0.45,D03,100,20,C1
NLM_168,G03,scan_034,779.5,0.384,G03,100,20,C1
CMH_018,F03,scan_032,895,0.562,F03,100,25,C1
CMH_018,B07,scan_065,917,0.547,B07,100,25,C1
CMH_037,B03,scan_028,932,0.576,B03,100,25,C1
CMH_037,A06,scan_055,951,0.633,A06,100,25,C1
CMH_018,G03,scan_032,938,0.534,G03,100,30,C1
CMH_018,C07,scan_065,986,0.593,C07,100,30,C1
CMH_037,C03,scan_028,982,0.603,C03,100,30,C1
CMH_037,B06,scan_056,936,0.548,B06,100,30,C1
CMH_018,H03,scan_032,987.6666667,0.594,H03,100,35,C1
CMH_018,D07,scan_065,925,0.649,D07,100,35,C1
CMH_037,D03,scan_028,992,0.558,D03,100,35,C1
CMH_037,C06,scan_056,973,0.564,C06,100,35,C1
CMH_018,A04,scan_032,975,0.579,A04,100,40,C1
CMH_018,E07,scan_066,968.3333333,0.561,E07,100,40,C1
CMH_037,E03,scan_028,970,0.534,E03,100,40,C1
CMH_018,B04,scan_032,953.5,0.542,B04,100,45,C1
CMH_018,F07,scan_066,987.6666667,0.542,F07,100,45,C1
CMH_037,F03,scan_028,969.5,0.464,F03,100,45,C1
CMH_037,E06,scan_056,970.25,0.564,E06,100,45,C1
CNH_065,C09,scan_036,921,0.448,C09,100,50,C1
CNH_065,E11,scan_040,969.5,0.439,E11,100,50,C1
CMH_018,C04,scan_032,953,0.457,C04,100,50,C1
CMH_018,G07,scan_066,969.5,0.539,G07,100,50,C1
CMH_037,G03,scan_028,905,0.291,G03,100,50,C1
CMH_037,F06,scan_056,966,0.437,F06,100,50,C1
CMH_018,D04,scan_032,962,0.445,D04,100,55,C1
CMH_018,H07,scan_066,969.5,0.476,H07,100,55,C1
CMH_037,H03,scan_028,971,0.444,H03,100,55,C1
CMH_037,G06,scan_056,966,0.294,G06,100,55,C1
CMH_018,E04,scan_032,934.5,0.267,E04,100,60,C1
CMH_018,A08,scan_066,970,0.485,A08,100,60,C1
CMH_037,A04,scan_028,957,0.288,A04,100,60,C1
CMH_037,H06,scan_056,970.5,0.361,H06,100,60,C1
CMH_063,G01,scan_028,938,0.265,G01,100,60,C1
CMH_063,C05,scan_061,950,0.273,C05,100,60,C1